Year,Month,RawTemperature,Anomaly,Failed,Breaks,AdjTemperature,Anomaly,RegTemperature,Anomaly
1904,1,12.524,-0.799,0,0,12.242,-1.081,12.470,-0.678
1904,2,15.462,0.487,0,0,15.146,0.171,15.136,0.337
1904,3,17.327,-0.393,0,0,16.924,-0.796,16.583,-0.961
1904,4,20.085,-1.364,0,0,19.693,-1.756,19.848,-1.425
1904,5,23.513,-1.687,0,0,23.159,-2.041,23.284,-1.740
1904,6,26.525,-1.378,0,0,26.137,-1.766,26.080,-1.647
1904,7,28.511,-0.088,0,0,28.114,-0.485,27.557,-0.866
1904,8,27.615,-0.754,0,0,27.311,-1.057,27.481,-0.711
1904,9,26.412,0.041,0,0,26.152,-0.219,25.265,-0.929
1904,10,25.415,1.797,0,0,25.040,1.422,24.116,0.674
1904,11,18.007,-1.252,0,0,17.534,-1.724,17.580,-1.503
1904,12,13.206,-1.572,0,0,12.812,-1.966,12.545,-2.057
1905,1,11.656,-1.667,0,0,11.374,-1.949,11.219,-1.928
1905,2,12.298,-2.677,0,0,11.982,-2.993,12.286,-2.513
1905,3,16.055,-1.665,0,0,15.651,-2.069,15.774,-1.770
1905,4,21.715,0.266,0,0,21.323,-0.126,21.082,-0.191
1905,5,25.835,0.636,0,0,25.482,0.282,25.069,0.046
1905,6,27.282,-0.621,0,0,26.893,-1.010,27.044,-0.682
1905,7,28.839,0.240,0,0,28.442,-0.157,28.140,-0.283
1905,8,28.234,-0.135,0,0,27.931,-0.438,28.127,-0.065
1905,9,26.822,0.451,0,0,26.562,0.191,26.017,-0.177
1905,10,25.569,1.951,0,0,25.195,1.577,24.429,0.987
1905,11,21.410,2.151,0,0,20.938,1.679,20.144,1.061
1905,12,13.665,-1.114,0,0,13.271,-1.508,13.147,-1.456
1906,1,13.389,0.065,0,0,13.107,-0.217,12.641,-0.506
1906,2,14.480,-0.495,0,0,14.164,-0.811,14.632,-0.167
1906,3,17.023,-0.698,0,0,16.619,-1.101,16.764,-0.781
1906,4,21.662,0.213,0,0,21.269,-0.180,21.055,-0.218
1906,5,24.074,-1.126,0,0,23.720,-1.480,24.073,-0.951
1906,6,28.105,0.202,0,0,27.717,-0.186,27.667,-0.060
1906,7,28.390,-0.209,0,0,27.993,-0.606,28.020,-0.403
1906,8,27.790,-0.578,0,0,27.487,-0.882,27.714,-0.479
1906,9,25.862,-0.509,0,0,25.602,-0.769,25.069,-1.126
1906,10,23.866,0.248,0,0,23.492,-0.126,23.225,-0.217
1906,11,19.562,0.303,0,0,19.089,-0.169,19.119,0.036
1906,12,16.260,1.481,0,0,15.866,1.087,15.040,0.438
1907,1,12.600,-0.723,0,0,12.318,-1.005,12.031,-1.116
1907,2,14.200,-0.775,0,0,13.884,-1.091,14.097,-0.702
1907,3,14.677,-3.043,0,0,14.274,-3.446,14.579,-2.965
1907,4,21.388,-0.061,0,0,20.996,-0.453,20.460,-0.813
1907,5,24.300,-0.900,0,0,23.946,-1.254,23.835,-1.188
1907,6,26.833,-1.070,0,0,26.445,-1.458,26.531,-1.196
1907,7,28.194,-0.405,0,0,27.797,-0.802,27.703,-0.720
1907,8,28.065,-0.304,0,0,27.761,-0.607,27.921,-0.272
1907,9,25.475,-0.895,0,0,25.216,-1.155,24.603,-1.591
1907,10,23.016,-0.602,0,0,22.642,-0.976,22.143,-1.299
1907,11,18.133,-1.125,0,0,17.661,-1.598,17.358,-1.725
1907,12,14.613,-0.165,0,0,14.219,-0.559,13.612,-0.991
1908,1,13.210,-0.114,0,0,12.928,-0.396,12.811,-0.336
1908,2,13.948,-1.027,0,0,13.632,-1.343,13.771,-1.028
1908,3,17.400,-0.320,0,0,16.997,-0.724,16.647,-0.897
1908,4,21.017,-0.432,0,0,20.624,-0.825,20.352,-0.921
1908,5,25.468,0.268,0,0,25.114,-0.086,24.835,-0.188
1908,6,26.500,-1.403,0,0,26.112,-1.791,26.733,-0.994
1908,7,27.000,-1.599,0,0,26.603,-1.996,26.928,-1.495
1908,8,27.100,-1.269,0,0,26.797,-1.572,27.239,-0.954
1908,9,24.600,-1.771,0,0,24.340,-2.030,24.390,-1.804
1908,10,22.400,-1.218,0,0,22.026,-1.592,21.712,-1.730
1908,11,17.250,-2.009,0,0,16.778,-2.481,16.850,-2.232
1908,12,12.900,-1.878,0,0,12.506,-2.272,11.981,-2.621
1909,1,12.900,-0.423,0,0,12.618,-0.705,12.071,-1.077
1909,2,14.200,-0.775,0,0,13.884,-1.091,14.044,-0.755
1909,3,18.500,0.780,0,0,18.097,0.376,17.917,0.372
1909,4,19.100,-2.349,0,0,18.708,-2.741,18.962,-2.311
1909,5,27.400,2.200,0,0,27.046,1.846,26.441,1.418
1909,6,27.500,-0.403,0,0,27.112,-0.791,27.228,-0.499
1909,7,28.144,-0.455,0,0,27.747,-0.852,27.896,-0.527
1909,8,28.500,0.131,0,0,28.197,-0.172,28.330,0.137
1909,9,26.300,-0.071,0,0,26.040,-0.330,25.889,-0.306
1909,10,23.500,-0.118,0,0,23.126,-0.492,22.987,-0.455
1909,11,20.500,1.241,0,0,20.028,0.769,19.387,0.305
1909,12,16.400,1.622,0,0,16.006,1.228,15.308,0.706
1910,1,13.068,-0.255,0,0,12.786,-0.537,12.307,-0.841
1910,2,15.179,0.203,0,0,14.862,-0.113,14.764,-0.035
1910,3,15.032,-2.688,0,0,14.629,-3.091,14.661,-2.884
1910,4,22.300,0.851,0,0,21.908,0.459,21.560,0.287
1910,5,25.371,0.171,0,0,25.017,-0.183,24.580,-0.444
1910,6,26.533,-1.370,0,0,26.145,-1.758,26.463,-1.264
1910,7,27.698,-0.901,0,0,27.302,-1.298,27.404,-1.019
1910,8,28.000,-0.369,0,0,27.697,-0.672,27.820,-0.373
1910,9,26.000,-0.371,0,0,25.740,-0.630,25.258,-0.937
1910,10,22.032,-1.586,0,0,21.658,-1.960,21.843,-1.599
1910,11,18.142,-1.117,0,0,17.669,-1.589,17.478,-1.605
1910,12,14.403,-0.375,0,0,14.009,-0.769,13.272,-1.330
1911,1,12.581,-0.743,0,0,12.299,-1.025,12.170,-0.977
1911,2,12.375,-2.600,0,0,12.059,-2.916,12.499,-2.300
1911,3,16.419,-1.301,0,0,16.016,-1.704,15.987,-1.557
1911,4,21.317,-0.132,0,0,20.924,-0.525,20.720,-0.553
1911,5,25.100,-0.100,0,0,24.746,-0.454,24.711,-0.313
1911,6,26.583,-1.320,0,0,26.195,-1.708,26.477,-1.250
1911,7,27.396,-1.203,0,0,26.999,-1.600,27.205,-1.218
1911,8,27.537,-0.832,0,0,27.234,-1.135,27.682,-0.511
1911,9,25.733,-0.637,0,0,25.474,-0.897,25.056,-1.139
1911,10,23.581,-0.037,0,0,23.207,-0.411,22.903,-0.539
1911,11,19.517,0.258,0,0,19.044,-0.214,18.984,-0.098
1911,12,14.984,0.205,0,0,14.590,-0.188,14.582,-0.021
1912,1,13.080,-0.243,0,0,12.798,-0.525,12.412,-0.735
1912,2,15.431,0.456,0,0,15.115,0.140,15.428,0.629
1912,3,16.597,-1.123,0,0,16.193,-1.527,16.677,-0.867
1912,4,21.150,-0.299,0,0,20.758,-0.691,20.673,-0.600
1912,5,23.242,-1.958,0,0,22.888,-2.312,22.960,-2.063
1912,6,26.967,-0.936,0,0,26.578,-1.325,26.938,-0.789
1912,7,27.355,-1.244,0,0,26.958,-1.641,27.104,-1.319
1912,8,27.575,-0.794,0,0,27.271,-1.097,27.474,-0.719
1912,9,25.367,-1.004,0,0,25.107,-1.264,24.853,-1.341
1912,10,23.823,0.205,0,0,23.448,-0.170,23.009,-0.433
1912,11,19.250,-0.009,0,0,18.778,-0.481,18.036,-1.046
1912,12,14.194,-0.585,0,0,13.800,-0.979,13.352,-1.250
1913,1,13.210,-0.114,0,0,12.928,-0.396,12.646,-0.501
1913,2,13.982,-0.993,0,0,13.666,-1.309,13.715,-1.085
1913,3,15.903,-1.817,0,0,15.500,-2.220,15.431,-2.114
1913,4,21.550,0.101,0,0,21.158,-0.291,20.969,-0.304
1913,5,23.403,-1.797,0,0,23.049,-2.150,23.229,-1.794
1913,6,25.383,-2.520,0,0,24.995,-2.908,25.427,-2.300
1913,7,27.067,-1.532,0,0,26.670,-1.929,26.561,-1.862
1913,8,27.202,-1.167,0,0,26.899,-1.470,27.206,-0.987
1913,9,26.117,-0.254,0,0,25.857,-0.514,25.620,-0.574
1913,10,23.726,0.108,0,0,23.352,-0.266,23.038,-0.404
1913,11,17.850,-1.409,0,0,17.378,-1.881,17.509,-1.574
1913,12,13.710,-1.069,0,0,13.316,-1.463,12.776,-1.826
1914,1,14.032,0.709,0,0,13.750,0.427,13.005,-0.142
1914,2,14.304,-0.672,0,0,13.987,-0.988,14.249,-0.550
1914,3,18.677,0.957,0,0,18.274,0.554,17.810,0.266
1914,4,18.617,-2.832,0,0,18.224,-3.225,18.527,-2.745
1914,5,24.919,-0.280,0,0,24.565,-0.634,24.271,-0.752
1914,6,27.117,-0.786,0,0,26.728,-1.175,26.919,-0.808
1914,7,27.774,-0.825,0,0,27.377,-1.222,27.145,-1.278
1914,8,28.642,0.273,0,0,28.339,-0.030,28.138,-0.055
1914,9,26.218,-0.152,0,0,25.958,-0.412,25.374,-0.821
1914,10,23.339,-0.279,0,0,22.965,-0.653,22.398,-1.044
1914,11,19.633,0.375,0,0,19.161,-0.098,19.015,-0.067
1914,12,15.145,0.367,0,0,14.751,-0.027,14.029,-0.574
1915,1,14.548,1.225,0,0,14.266,0.943,13.718,0.571
1915,2,15.714,0.739,0,0,15.398,0.423,15.360,0.561
1915,3,18.435,0.715,0,0,18.032,0.312,17.632,0.088
1915,4,21.050,-0.399,0,0,20.658,-0.791,20.484,-0.789
1915,5,24.306,-0.893,0,0,23.953,-1.247,23.850,-1.173
1915,6,28.600,0.697,0,0,28.212,0.309,28.234,0.507
1915,7,28.634,0.035,0,0,28.237,-0.362,28.074,-0.349
1915,8,28.666,0.297,0,0,28.363,-0.006,28.203,0.010
1915,9,25.700,-0.671,0,0,25.440,-0.930,24.814,-1.381
1915,10,24.710,1.092,0,0,24.336,0.718,23.453,0.011
1915,11,20.550,1.291,0,0,20.078,0.819,19.276,0.194
1915,12,16.500,1.722,0,0,16.106,1.328,15.122,0.520
1916,1,12.065,-1.259,0,0,11.783,-1.541,11.940,-1.208
1916,2,14.879,-0.096,0,0,14.563,-0.412,14.691,-0.108
1916,3,20.000,2.280,0,0,19.597,1.876,18.937,1.393
1916,4,21.833,0.384,0,0,21.441,-0.008,21.174,-0.099
1916,5,26.016,0.816,0,0,25.662,0.462,25.364,0.340
1916,6,30.133,2.230,0,0,29.745,1.842,29.014,1.287
1916,7,29.527,0.928,0,0,29.130,0.531,28.816,0.393
1916,8,28.107,-0.262,0,0,27.804,-0.565,27.539,-0.653
1916,9,25.886,-0.484,0,0,25.627,-0.744,25.308,-0.887
1916,10,22.694,-0.924,0,0,22.319,-1.299,21.690,-1.752
1916,11,21.667,2.408,0,0,21.194,1.936,20.141,1.058
1916,12,17.400,2.622,0,0,17.006,2.228,15.922,1.319
1917,1,14.468,1.144,0,0,14.186,0.862,13.817,0.670
1917,2,15.589,0.614,0,0,15.273,0.298,15.065,0.266
1917,3,19.145,1.425,0,0,18.742,1.022,18.080,0.536
1917,4,22.433,0.984,0,0,22.041,0.592,21.505,0.232
1917,5,23.194,-2.006,0,0,22.840,-2.360,22.874,-2.150
1917,6,26.500,-1.403,0,0,26.112,-1.791,26.155,-1.572
1917,7,27.694,-0.905,0,0,27.297,-1.302,27.166,-1.257
1917,8,28.600,0.231,0,0,28.297,-0.072,28.106,-0.087
1917,9,25.400,-0.971,0,0,25.140,-1.230,24.685,-1.510
1917,10,23.355,-0.263,0,0,22.981,-0.637,22.170,-1.272
1917,11,22.000,2.741,0,0,21.528,2.269,20.122,1.039
1917,12,14.629,-0.149,0,0,14.235,-0.543,13.378,-1.224
1918,1,13.226,-0.098,0,0,12.944,-0.380,12.425,-0.723
1918,2,14.268,-0.707,0,0,13.952,-1.024,14.040,-0.760
1918,3,17.758,0.038,0,0,17.355,-0.366,17.108,-0.436
1918,4,21.383,-0.066,0,0,20.991,-0.458,20.840,-0.433
1918,5,24.355,-0.845,0,0,24.001,-1.199,24.090,-0.934
1918,6,27.120,-0.783,0,0,26.731,-1.172,26.559,-1.168
1918,7,29.300,0.701,0,0,28.903,0.304,28.032,-0.391
1918,8,27.598,-0.771,0,0,27.294,-1.074,27.272,-0.921
1918,9,26.783,0.413,0,0,26.524,0.153,25.875,-0.319
1918,10,26.645,3.027,0,0,26.271,2.653,25.047,1.605
1918,11,21.286,2.028,0,0,20.814,1.555,20.265,1.182
1918,12,15.516,0.738,0,0,15.122,0.344,14.165,-0.437
1919,1,14.726,1.402,0,0,14.444,1.120,13.828,0.681
1919,2,17.036,2.060,0,0,16.720,1.744,16.322,1.523
1919,3,20.500,2.780,0,0,20.097,2.376,19.153,1.609
1919,4,21.233,-0.216,0,0,20.841,-0.608,20.745,-0.528
1919,5,22.700,-2.500,0,0,22.346,-2.854,22.308,-2.715
1919,6,26.504,-1.399,0,0,26.115,-1.788,25.552,-2.175
1919,7,28.635,0.036,0,0,28.238,-0.361,27.791,-0.632
1919,8,27.456,-0.913,0,0,27.153,-1.216,27.259,-0.933
1919,9,26.350,-0.021,0,0,26.090,-0.280,25.395,-0.800
1919,10,25.710,2.092,0,0,25.336,1.718,24.367,0.925
1919,11,21.333,2.075,0,0,20.861,1.602,19.875,0.793
1919,12,14.968,0.189,0,0,14.574,-0.205,13.784,-0.819
1920,1,13.290,-0.033,0,0,13.008,-0.315,12.751,-0.396
1920,2,11.500,-3.475,0,0,11.184,-3.791,11.804,-2.995
1920,3,16.661,-1.059,0,0,16.258,-1.462,16.402,-1.142
1920,4,22.233,0.784,0,0,21.841,0.392,21.500,0.227
1920,5,23.710,-1.490,0,0,23.356,-1.844,23.750,-1.274
1920,6,27.383,-0.520,0,0,26.995,-0.908,27.023,-0.704
1920,7,28.085,-0.514,0,0,27.688,-0.911,27.683,-0.740
1920,8,29.226,0.857,0,0,28.923,0.554,28.758,0.566
1920,9,25.511,-0.859,0,0,25.252,-1.119,24.862,-1.333
1920,10,23.620,0.002,0,0,23.246,-0.372,22.717,-0.725
1920,11,18.400,-0.859,0,0,17.928,-1.331,17.573,-1.509
1920,12,14.452,-0.327,0,0,14.058,-0.721,13.206,-1.396
1921,1,13.565,0.241,0,0,13.283,-0.041,13.012,-0.135
1921,2,13.232,-1.743,0,0,12.916,-2.059,13.402,-1.397
1921,3,15.274,-2.446,0,0,14.871,-2.849,15.042,-2.502
1921,4,21.000,-0.449,0,0,20.608,-0.841,20.537,-0.735
1921,5,24.129,-1.071,0,0,23.775,-1.425,24.113,-0.911
1921,6,26.832,-1.071,0,0,26.443,-1.460,26.626,-1.101
1921,7,28.535,-0.064,0,0,28.138,-0.461,27.863,-0.560
1921,8,29.400,1.031,0,0,29.097,0.728,28.928,0.736
1921,9,25.717,-0.654,0,0,25.457,-0.914,24.913,-1.281
1921,10,22.935,-0.683,0,0,22.561,-1.057,22.006,-1.436
1921,11,19.133,-0.125,0,0,18.661,-0.598,18.187,-0.896
1921,12,14.629,-0.149,0,0,14.235,-0.543,13.816,-0.786
1922,1,13.258,-0.065,0,0,12.976,-0.347,13.089,-0.058
1922,2,15.125,0.150,0,0,14.809,-0.166,15.056,0.256
1922,3,18.113,0.393,0,0,17.709,-0.011,17.434,-0.111
1922,4,21.483,0.034,0,0,21.091,-0.358,21.018,-0.255
1922,5,23.903,-1.297,0,0,23.549,-1.650,23.924,-1.100
1922,6,26.783,-1.120,0,0,26.395,-1.508,26.650,-1.077
1922,7,28.435,-0.164,0,0,28.039,-0.560,28.344,-0.079
1922,8,28.375,0.006,0,0,28.072,-0.297,28.467,0.275
1922,9,26.917,0.546,0,0,26.657,0.286,25.957,-0.237
1922,10,24.864,1.246,0,0,24.490,0.872,23.897,0.455
1922,11,20.138,0.879,0,0,19.665,0.407,19.806,0.723
1922,12,13.800,-0.978,0,0,13.406,-1.372,12.934,-1.668
1923,1,13.795,0.472,0,0,13.513,0.190,13.229,0.082
1923,2,14.821,-0.154,0,0,14.505,-0.470,14.797,-0.002
1923,3,16.739,-0.981,0,0,16.335,-1.385,16.429,-1.116
1923,4,20.492,-0.957,0,0,20.099,-1.350,20.117,-1.156
1923,5,25.050,-0.150,0,0,24.696,-0.504,24.931,-0.093
1923,6,28.427,0.524,0,0,28.038,0.135,28.150,0.423
1923,7,27.605,-0.994,0,0,27.208,-1.391,27.311,-1.112
1923,8,28.044,-0.325,0,0,27.740,-0.628,27.882,-0.311
1923,9,25.933,-0.437,0,0,25.674,-0.697,25.600,-0.594
1923,10,22.919,-0.699,0,0,22.545,-1.073,22.558,-0.884
1923,11,20.407,1.148,0,0,19.934,0.676,20.071,0.988
1923,12,15.616,0.838,0,0,15.222,0.444,15.187,0.585
1924,1,12.500,-0.823,0,0,12.218,-1.105,12.352,-0.795
1924,2,15.948,0.973,0,0,15.632,0.657,15.732,0.932
1924,3,18.242,0.522,0,0,17.839,0.118,17.504,-0.040
1924,4,22.050,0.601,0,0,21.658,0.209,21.446,0.173
1924,5,23.800,-1.400,0,0,23.446,-1.754,24.044,-0.980
1924,6,28.205,0.302,0,0,27.816,-0.087,28.158,0.432
1924,7,29.214,0.615,0,0,28.817,0.218,28.627,0.204
1924,8,29.234,0.865,0,0,28.930,0.562,28.828,0.635
1924,9,26.917,0.546,0,0,26.657,0.286,26.303,0.109
1924,10,24.145,0.527,0,0,23.771,0.153,23.369,-0.073
1924,11,18.767,-0.492,0,0,18.294,-0.964,18.258,-0.825
1924,12,14.823,0.044,0,0,14.429,-0.350,14.017,-0.586
1925,1,11.161,-2.162,0,0,10.879,-2.444,11.176,-1.971
1925,2,14.375,-0.600,0,0,14.059,-0.916,14.031,-0.768
1925,3,19.194,1.473,0,0,18.790,1.070,18.318,0.774
1925,4,20.367,-1.082,0,0,19.974,-1.475,19.969,-1.304
1925,5,24.806,-0.393,0,0,24.453,-0.747,24.424,-0.600
1925,6,27.483,-0.420,0,0,27.095,-0.808,26.905,-0.822
1925,7,28.470,-0.129,0,0,28.073,-0.526,27.606,-0.817
1925,8,27.725,-0.644,0,0,27.422,-0.947,27.812,-0.380
1925,9,26.100,-0.271,0,0,25.840,-0.530,25.409,-0.786
1925,10,24.855,1.237,0,0,24.481,0.863,23.977,0.536
1925,11,21.550,2.291,0,0,21.078,1.819,20.562,1.480
1925,12,15.939,1.160,0,0,15.545,0.767,14.960,0.357
1926,1,13.500,0.177,0,0,13.218,-0.105,13.281,0.134
1926,2,14.818,-0.157,0,0,14.502,-0.474,14.857,0.058
1926,3,16.887,-0.833,0,0,16.484,-1.237,16.675,-0.870
1926,4,22.200,0.751,0,0,21.808,0.359,21.649,0.376
1926,5,26.726,1.526,0,0,26.372,1.172,26.006,0.982
1926,6,28.800,0.897,0,0,28.412,0.509,27.760,0.033
1926,7,27.597,-1.002,0,0,27.200,-1.399,27.224,-1.199
1926,8,26.484,-1.885,0,0,26.181,-2.188,26.535,-1.657
1926,9,25.117,-1.254,0,0,24.857,-1.514,24.449,-1.745
1926,10,23.548,-0.070,0,0,23.174,-0.444,22.652,-0.790
1926,11,20.350,1.091,0,0,19.878,0.619,19.757,0.674
1926,12,14.774,-0.004,0,0,14.380,-0.398,13.990,-0.612
1927,1,13.676,0.353,0,0,13.394,0.071,12.941,-0.206
1927,2,12.800,-2.175,0,0,12.484,-2.491,12.988,-1.811
1927,3,17.613,-0.107,0,0,17.209,-0.511,17.333,-0.211
1927,4,20.333,-1.116,0,0,19.941,-1.508,20.107,-1.166
1927,5,25.984,0.784,0,0,25.630,0.430,25.515,0.491
1927,6,28.000,0.097,0,0,27.612,-0.291,27.642,-0.085
1927,7,29.505,0.906,0,0,29.108,0.509,29.025,0.602
1927,8,28.957,0.588,0,0,28.654,0.285,28.779,0.586
1927,9,26.600,0.229,0,0,26.340,-0.030,25.948,-0.247
1927,10,26.290,2.672,0,0,25.916,2.298,24.978,1.536
1927,11,21.183,1.925,0,0,20.711,1.452,20.303,1.221
1927,12,16.661,1.883,0,0,16.267,1.489,15.422,0.820
1928,1,15.200,1.877,0,0,14.918,1.595,14.645,1.497
1928,2,13.879,-1.096,0,0,13.563,-1.412,14.239,-0.560
1928,3,16.935,-0.785,0,0,16.532,-1.188,16.466,-1.078
1928,4,23.917,2.468,0,0,23.524,2.075,22.844,1.571
1928,5,27.113,1.913,0,0,26.759,1.559,26.382,1.358
1928,6,27.100,-0.803,0,0,26.712,-1.191,26.897,-0.830
1928,7,28.165,-0.434,0,0,27.768,-0.831,27.934,-0.489
1928,8,29.522,1.153,0,0,29.218,0.850,28.935,0.742
1928,9,27.017,0.646,0,0,26.757,0.386,26.247,0.053
1928,10,23.419,-0.199,0,0,23.045,-0.573,23.061,-0.381
1928,11,20.117,0.858,0,0,19.644,0.386,19.294,0.212
1928,12,15.330,0.552,0,0,14.936,0.158,14.270,-0.332
1929,1,12.532,-0.791,0,0,12.250,-1.073,12.205,-0.943
1929,2,13.446,-1.529,0,0,13.130,-1.845,13.582,-1.217
1929,3,16.226,-1.494,0,0,15.822,-1.898,15.889,-1.655
1929,4,20.350,-1.099,0,0,19.958,-1.491,20.015,-1.258
1929,5,27.823,2.623,0,0,27.469,2.269,27.050,2.026
1929,6,27.733,-0.170,0,0,27.345,-0.558,27.370,-0.357
1929,7,27.500,-1.099,0,0,27.103,-1.496,27.203,-1.220
1929,8,28.484,0.115,0,0,28.181,-0.188,28.364,0.172
1929,9,27.500,1.129,0,0,27.240,0.870,26.742,0.547
1929,10,22.968,-0.650,0,0,22.594,-1.024,22.344,-1.098
1929,11,20.583,1.325,0,0,20.111,0.852,19.876,0.793
1929,12,13.486,-1.293,0,0,13.092,-1.687,13.613,-0.989
1930,1,12.919,-0.404,0,0,12.637,-0.686,12.925,-0.222
1930,2,14.161,-0.815,0,0,13.845,-1.131,14.587,-0.213
1930,3,17.600,-0.120,0,0,17.197,-0.524,17.305,-0.239
1930,4,23.017,1.568,0,0,22.624,1.175,22.129,0.856
1930,5,24.839,-0.361,0,0,24.485,-0.715,24.702,-0.322
1930,6,28.250,0.347,0,0,27.862,-0.041,28.029,0.302
1930,7,28.919,0.320,0,0,28.522,-0.077,28.383,-0.040
1930,8,28.530,0.161,0,0,28.227,-0.142,28.278,0.086
1930,9,26.834,0.463,0,0,26.574,0.204,26.114,-0.080
1930,10,24.258,0.640,0,0,23.884,0.266,23.570,0.128
1930,11,19.633,0.375,0,0,19.161,-0.098,19.047,-0.036
1930,12,17.855,3.076,0,0,17.461,2.682,16.560,1.958
1931,1,14.242,0.919,0,0,13.960,0.637,13.709,0.562
1931,2,14.839,-0.136,0,0,14.523,-0.452,14.500,-0.299
1931,3,19.532,1.812,0,0,19.129,1.409,18.318,0.774
1931,4,21.700,0.251,0,0,21.308,-0.141,21.192,-0.081
1931,5,24.758,-0.442,0,0,24.404,-0.796,24.521,-0.503
1931,6,26.857,-1.046,0,0,26.469,-1.434,27.143,-0.584
1931,7,28.783,0.184,0,0,28.386,-0.213,28.646,0.223
1931,8,29.048,0.680,0,0,28.745,0.376,29.041,0.848
1931,9,27.433,1.063,0,0,27.174,0.803,26.777,0.583
1931,10,24.645,1.027,0,0,24.271,0.653,23.651,0.209
1931,11,18.900,-0.359,0,0,18.428,-0.831,18.226,-0.856
1931,12,15.129,0.351,0,0,14.735,-0.043,14.010,-0.593
1932,1,13.129,-0.194,0,0,12.847,-0.476,12.645,-0.502
1932,2,15.069,0.094,0,0,14.753,-0.223,14.581,-0.218
1932,3,18.258,0.538,0,0,17.855,0.134,17.530,-0.014
1932,4,21.064,-0.385,0,0,20.671,-0.778,20.338,-0.935
1932,5,23.806,-1.393,0,0,23.453,-1.747,23.405,-1.619
1932,6,27.664,-0.238,0,0,27.276,-0.627,27.414,-0.312
1932,7,29.616,1.017,0,0,29.219,0.620,28.653,0.230
1932,8,28.765,0.396,0,0,28.462,0.093,28.156,-0.037
1932,9,26.783,0.413,0,0,26.524,0.153,25.964,-0.230
1932,10,26.144,2.526,0,0,25.770,2.152,25.158,1.716
1932,11,20.367,1.108,0,0,19.894,0.636,19.585,0.502
1932,12,15.000,0.222,0,0,14.606,-0.172,14.015,-0.588
1933,1,13.468,0.144,0,0,13.186,-0.138,12.954,-0.193
1933,2,16.466,1.491,0,0,16.150,1.175,16.062,1.263
1933,3,17.685,-0.035,0,0,17.282,-0.438,17.238,-0.306
1933,4,18.818,-2.631,0,0,18.426,-3.023,18.768,-2.505
1933,5,24.321,-0.879,0,0,23.967,-1.233,24.279,-0.745
1933,6,28.718,0.815,0,0,28.330,0.427,28.350,0.623
1933,7,27.700,-0.899,0,0,27.303,-1.296,27.096,-1.327
1933,8,27.181,-1.188,0,0,26.878,-1.491,27.101,-1.092
1933,9,24.833,-1.537,0,0,24.574,-1.797,24.281,-1.914
1933,10,22.613,-1.005,0,0,22.239,-1.379,21.691,-1.751
1933,11,23.167,3.908,0,0,22.694,3.436,21.327,2.245
1933,12,16.790,2.012,0,0,16.396,1.618,15.616,1.013
1934,1,14.000,0.677,0,0,13.718,0.395,13.323,0.176
1934,2,12.857,-2.118,0,0,12.541,-2.434,12.521,-2.279
1934,3,19.323,1.602,0,0,18.919,1.199,17.982,0.437
1934,4,21.983,0.534,0,0,21.591,0.142,21.337,0.065
1934,5,25.919,0.720,0,0,25.565,0.366,25.438,0.415
1934,6,28.350,0.447,0,0,27.962,0.059,27.756,0.029
1934,7,28.200,-0.399,0,0,27.803,-0.796,27.808,-0.615
1934,8,28.600,0.231,0,0,28.297,-0.072,28.138,-0.055
1934,9,26.075,-0.296,0,0,25.815,-0.555,25.656,-0.538
1934,10,24.755,1.137,0,0,24.381,0.763,23.967,0.525
1934,11,21.467,2.208,0,0,20.994,1.736,20.454,1.371
1934,12,15.516,0.738,0,0,15.122,0.344,15.253,0.651
1935,1,14.339,1.015,0,0,14.057,0.733,13.745,0.598
1935,2,15.393,0.418,0,0,15.077,0.101,15.548,0.749
1935,3,18.484,0.764,0,0,18.080,0.360,17.987,0.443
1935,4,21.933,0.484,0,0,21.541,0.092,21.221,-0.052
1935,5,27.016,1.816,0,0,26.662,1.462,26.383,1.359
1935,6,28.871,0.968,0,0,28.483,0.580,28.448,0.721
1935,7,27.800,-0.799,0,0,27.403,-1.196,27.538,-0.885
1935,8,27.700,-0.669,0,0,27.397,-0.972,28.002,-0.191
1935,9,25.900,-0.471,0,0,25.640,-0.730,25.659,-0.535
1935,10,24.900,1.282,0,0,24.526,0.908,24.126,0.684
1935,11,18.200,-1.059,0,0,17.728,-1.531,17.999,-1.083
1935,12,15.500,0.722,0,0,15.106,0.328,14.564,-0.038
1936,1,15.100,1.777,0,0,14.818,1.495,14.682,1.534
1936,2,16.400,1.425,0,0,16.084,1.109,16.482,1.682
1936,3,19.032,1.312,0,0,18.629,0.909,18.600,1.056
1936,4,22.433,0.984,0,0,22.041,0.592,22.241,0.968
1936,5,25.306,0.107,0,0,24.953,-0.247,25.078,0.055
1936,6,26.783,-1.120,0,0,26.395,-1.508,27.030,-0.697
1936,7,28.968,0.369,0,0,28.571,-0.028,28.825,0.402
1936,8,28.200,-0.169,0,0,27.897,-0.472,28.493,0.300
1936,9,24.833,-1.537,0,0,24.574,-1.797,24.678,-1.517
1936,10,26.435,2.817,0,0,26.061,2.443,25.383,1.941
1936,11,21.042,1.783,0,0,20.569,1.311,20.678,1.596
1936,12,13.226,-1.553,0,4,13.510,-1.268,13.144,-1.459
1937,1,11.174,-2.149,0,0,11.381,-1.942,11.917,-1.231
1937,2,15.500,0.525,0,0,15.701,0.725,15.703,0.904
1937,3,18.600,0.880,0,0,18.829,1.109,18.289,0.745
1937,4,22.200,0.751,0,0,22.451,1.002,21.900,0.627
1937,5,24.600,-0.600,0,0,24.792,-0.408,24.733,-0.290
1937,6,26.500,-1.403,0,0,26.520,-1.383,26.934,-0.793
1937,7,28.300,-0.299,0,0,28.167,-0.432,28.269,-0.154
1937,8,28.306,-0.063,0,0,28.235,-0.134,28.601,0.408
1937,9,27.317,0.946,0,0,27.503,1.132,26.885,0.691
1937,10,24.500,0.882,0,0,24.895,1.277,24.260,0.818
1937,11,20.500,1.241,0,0,20.898,1.640,20.541,1.458
1937,12,15.726,0.947,0,0,16.010,1.232,15.051,0.449
1938,1,13.600,0.277,0,0,13.807,0.484,13.265,0.117
1938,2,13.029,-1.947,0,0,13.229,-1.746,13.628,-1.171
1938,3,14.973,-2.748,0,0,15.202,-2.518,15.346,-2.198
1938,4,20.598,-0.851,0,0,20.849,-0.600,20.826,-0.447
1938,5,23.668,-1.532,0,0,23.860,-1.340,24.240,-0.784
1938,6,25.807,-2.096,0,0,25.827,-2.076,26.168,-1.559
1938,7,28.600,0.001,0,0,28.467,-0.132,28.468,0.045
1938,8,28.701,0.332,0,0,28.630,0.261,28.721,0.528
1938,9,25.708,-0.662,0,0,25.894,-0.476,25.594,-0.600
1938,10,23.513,-0.105,0,0,23.908,0.290,23.169,-0.273
1938,11,18.300,-0.959,0,0,18.698,-0.560,18.141,-0.941
1938,12,15.645,0.867,0,0,15.930,1.151,14.960,0.358
1939,1,13.903,0.580,0,0,14.110,0.787,13.560,0.413
1939,2,14.446,-0.529,0,4,14.275,-0.700,14.711,-0.088
1939,3,17.435,-0.285,0,0,17.234,-0.486,17.117,-0.427
1939,4,21.683,0.234,0,0,21.420,-0.029,21.176,-0.097
1939,5,27.694,2.494,0,0,27.392,2.192,26.793,1.770
1939,6,27.267,-0.636,0,0,27.025,-0.878,26.989,-0.738
1939,7,28.500,-0.099,0,0,28.370,-0.229,28.196,-0.227
1939,8,28.098,-0.271,0,0,28.008,-0.360,28.283,0.091
1939,9,27.950,1.579,0,0,27.809,1.438,27.050,0.855
1939,10,25.726,2.108,0,0,25.542,1.924,24.956,1.514
1939,11,19.600,0.341,0,0,19.431,0.173,19.194,0.112
1939,12,16.300,1.522,0,0,16.153,1.375,15.400,0.798
1940,1,13.758,0.435,0,0,13.604,0.280,13.287,0.140
1940,2,15.655,0.680,0,0,15.484,0.508,15.630,0.831
1940,3,17.355,-0.365,0,0,17.153,-0.567,17.044,-0.500
1940,4,22.150,0.701,0,0,21.887,0.438,21.647,0.374
1940,5,25.742,0.542,0,0,25.440,0.241,25.292,0.269
1940,6,28.500,0.597,0,0,28.258,0.355,28.242,0.515
1940,7,28.300,-0.299,0,0,28.170,-0.429,28.191,-0.232
1940,8,26.842,-1.527,0,0,26.752,-1.617,27.367,-0.826
1940,9,25.538,-0.832,0,0,25.397,-0.973,25.364,-0.830
1940,10,25.071,1.453,0,0,24.887,1.269,24.826,1.384
1940,11,19.190,-0.069,0,0,19.021,-0.237,19.277,0.195
1940,12,13.963,-0.815,0,0,13.816,-0.962,13.540,-1.063
1941,1,15.100,1.777,0,0,14.946,1.622,14.589,1.442
1941,2,17.400,2.425,0,0,17.228,2.253,16.865,2.065
1941,3,17.500,-0.220,0,0,17.298,-0.422,17.548,0.004
1941,4,22.000,0.551,0,0,21.737,0.288,21.534,0.261
1941,5,28.000,2.800,0,0,27.698,2.499,27.164,2.140
1941,6,27.000,-0.903,0,0,26.758,-1.145,27.066,-0.661
1941,7,28.300,-0.299,0,0,28.170,-0.429,28.227,-0.196
1941,8,28.500,0.131,0,0,28.410,0.042,28.398,0.205
1941,9,25.200,-1.171,0,0,25.059,-1.312,24.912,-1.283
1941,10,22.300,-1.318,0,0,22.116,-1.502,21.721,-1.721
1941,11,20.400,1.141,0,0,20.231,0.973,19.707,0.624
1941,12,14.000,-0.778,0,0,13.853,-0.925,13.284,-1.319
1942,1,12.519,-0.804,0,0,12.365,-0.958,12.052,-1.095
1942,2,15.541,0.566,0,0,15.370,0.394,15.158,0.359
1942,3,17.911,0.191,0,0,17.710,-0.010,17.649,0.104
1942,4,22.437,0.988,0,0,22.174,0.724,21.819,0.546
1942,5,25.629,0.429,0,0,25.327,0.128,25.443,0.419
1942,6,28.297,0.394,0,0,28.055,0.152,28.187,0.460
1942,7,28.065,-0.534,0,0,27.935,-0.664,27.922,-0.501
1942,8,27.202,-1.167,0,0,27.112,-1.257,27.437,-0.756
1942,9,25.207,-1.164,0,0,25.066,-1.305,24.711,-1.484
1942,10,24.276,0.658,0,0,24.092,0.474,23.797,0.355
1942,11,20.055,0.796,0,0,19.886,0.628,19.595,0.512
1942,12,15.608,0.830,0,0,15.461,0.683,15.048,0.446
1943,1,13.087,-0.236,0,0,12.933,-0.391,12.932,-0.215
1943,2,13.507,-1.468,0,0,13.336,-1.640,13.786,-1.013
1943,3,15.479,-2.241,0,0,15.277,-2.443,15.392,-2.152
1943,4,18.085,-3.364,0,0,17.822,-3.627,18.173,-3.100
1943,5,23.719,-1.480,0,0,23.418,-1.782,23.984,-1.040
1943,6,25.520,-2.383,0,0,25.278,-2.625,25.575,-2.152
1943,7,28.221,-0.378,0,0,28.091,-0.508,27.933,-0.490
1943,8,28.395,0.026,0,0,28.305,-0.063,28.360,0.167
1943,9,26.455,0.084,0,0,26.314,-0.057,26.174,-0.020
1943,10,26.394,2.776,0,0,26.209,2.591,25.578,2.136
1943,11,22.417,3.158,0,0,22.248,2.989,21.579,2.496
1943,12,17.100,2.322,0,0,16.953,2.175,16.333,1.731
1944,1,12.666,-0.657,0,0,12.512,-0.812,12.586,-0.562
1944,2,15.014,0.039,0,0,14.842,-0.133,14.988,0.188
1944,3,17.987,0.267,0,0,17.786,0.065,17.680,0.136
1944,4,21.727,0.278,0,0,21.463,0.014,21.431,0.158
1944,5,23.173,-2.027,0,0,22.871,-2.329,23.693,-1.331
1944,6,28.442,0.539,0,0,28.200,0.297,28.253,0.526
1944,7,27.685,-0.914,0,0,27.556,-1.043,27.734,-0.689
1944,8,27.737,-0.632,0,0,27.647,-0.721,27.862,-0.331
1944,9,25.897,-0.474,0,0,25.756,-0.615,25.459,-0.735
1944,10,24.429,0.811,0,0,24.245,0.627,23.686,0.244
1944,11,18.958,-0.300,0,0,18.790,-0.469,18.622,-0.460
1944,12,15.097,0.318,0,0,14.950,0.172,14.704,0.101
1945,1,12.500,-0.823,0,0,12.346,-0.978,12.767,-0.381
1945,2,12.607,-2.368,0,0,12.436,-2.540,13.235,-1.564
1945,3,14.526,-3.195,0,0,14.324,-3.396,14.523,-3.021
1945,4,19.467,-1.982,0,0,19.203,-2.246,19.299,-1.974
1945,5,26.242,1.042,0,0,25.940,0.741,25.980,0.956
1945,6,26.067,-1.836,0,0,25.825,-2.078,26.430,-1.297
1945,7,28.500,-0.099,0,0,28.370,-0.229,28.218,-0.205
1945,8,29.887,1.518,0,0,29.797,1.429,29.416,1.223
1945,9,26.917,0.546,0,0,26.776,0.405,25.962,-0.233
1945,10,23.282,-0.336,0,0,23.098,-0.520,22.375,-1.067
1945,11,19.600,0.341,0,0,19.431,0.173,19.050,-0.033
1945,12,14.112,-0.666,0,0,13.965,-0.813,13.443,-1.159
1946,1,14.597,1.273,0,0,14.442,1.119,13.901,0.753
1946,2,13.911,-1.065,0,0,13.739,-1.236,14.110,-0.689
1946,3,17.065,-0.656,0,0,16.863,-0.857,16.830,-0.714
1946,4,20.917,-0.532,0,0,20.653,-0.796,20.646,-0.627
1946,5,25.290,0.091,0,0,24.989,-0.211,25.035,0.011
1946,6,27.300,-0.603,0,0,27.058,-0.845,27.515,-0.212
1946,7,28.400,-0.199,0,0,28.270,-0.329,28.332,-0.091
1946,8,29.100,0.731,0,0,29.010,0.642,28.871,0.679
1946,9,27.700,1.329,0,0,27.559,1.188,27.256,1.062
1946,10,24.100,0.482,0,0,23.916,0.298,23.423,-0.019
1946,11,21.600,2.341,0,0,21.431,2.173,20.820,1.737
1946,12,15.000,0.222,0,0,14.853,0.075,14.378,-0.224
1947,1,13.200,-0.123,0,0,13.046,-0.278,13.191,0.044
1947,2,16.286,1.310,0,0,16.114,1.139,15.831,1.032
1947,3,19.919,2.199,0,0,19.718,1.998,19.064,1.520
1947,4,21.217,-0.232,0,0,20.953,-0.496,21.028,-0.245
1947,5,26.210,1.010,0,0,25.908,0.708,25.759,0.735
1947,6,27.650,-0.253,0,0,27.408,-0.495,27.385,-0.341
1947,7,29.288,0.689,0,0,29.158,0.559,29.016,0.593
1947,8,28.497,0.129,0,0,28.408,0.039,28.658,0.466
1947,9,25.723,-0.648,0,0,25.581,-0.789,25.490,-0.704
1947,10,24.242,0.624,0,0,24.058,0.440,23.305,-0.137
1947,11,19.267,0.008,0,0,19.098,-0.161,18.906,-0.177
1947,12,16.645,1.867,0,0,16.498,1.720,15.799,1.197
1948,1,15.355,2.031,0,0,15.200,1.877,14.506,1.358
1948,2,14.466,-0.510,0,0,14.294,-0.681,14.611,-0.188
1948,3,14.931,-2.789,0,0,14.729,-2.991,14.598,-2.947
1948,4,19.900,-1.549,0,0,19.637,-1.812,19.581,-1.692
1948,5,24.710,-0.490,0,0,24.408,-0.792,24.607,-0.417
1948,6,27.800,-0.103,0,0,27.558,-0.345,27.239,-0.487
1948,7,27.813,-0.787,0,0,27.683,-0.916,27.646,-0.777
1948,8,27.851,-0.518,0,0,27.761,-0.607,27.801,-0.392
1948,9,25.427,-0.943,0,0,25.286,-1.084,24.879,-1.316
1948,10,22.871,-0.747,0,0,22.687,-0.931,22.362,-1.080
1948,11,18.717,-0.542,0,0,18.548,-0.711,18.519,-0.564
1948,12,13.613,-1.165,0,0,13.466,-1.312,12.963,-1.640
1949,1,12.919,-0.404,0,0,12.765,-0.558,12.368,-0.780
1949,2,12.196,-2.779,0,0,12.025,-2.950,12.418,-2.381
1949,3,16.613,-1.107,0,0,16.411,-1.309,15.938,-1.607
1949,4,17.900,-3.549,0,0,17.637,-3.812,17.517,-3.756
1949,5,27.000,1.800,0,0,26.698,1.499,25.896,0.872
1949,6,27.800,-0.103,0,0,27.558,-0.345,27.015,-0.712
1949,7,27.797,-0.802,0,0,27.667,-0.932,27.262,-1.161
1949,8,26.855,-1.514,0,0,26.765,-1.604,26.829,-1.363
1949,9,24.650,-1.721,0,0,24.509,-1.862,24.160,-2.034
1949,10,23.895,0.277,0,0,23.711,0.093,22.626,-0.816
1949,11,21.000,1.741,0,0,20.831,1.573,20.037,0.955
1949,12,15.400,0.622,0,0,15.253,0.475,14.880,0.277
1950,1,12.823,-0.501,0,0,12.668,-0.655,12.230,-0.917
1950,2,13.700,-1.275,0,0,13.529,-1.447,13.472,-1.327
1950,3,17.984,0.264,0,0,17.782,0.062,17.137,-0.408
1950,4,23.950,2.501,0,0,23.687,2.238,22.580,1.307
1950,5,24.548,-0.651,0,0,24.247,-0.953,24.195,-0.828
1950,6,26.867,-1.036,0,0,26.625,-1.278,26.930,-0.797
1950,7,28.900,0.301,0,0,28.770,0.171,28.500,0.077
1950,8,28.548,0.180,0,0,28.459,0.090,28.231,0.039
1950,9,27.000,0.629,0,0,26.859,0.488,26.100,-0.095
1950,10,23.446,-0.172,0,0,23.262,-0.356,22.887,-0.555
1950,11,19.567,0.308,0,0,19.398,0.139,18.910,-0.173
1950,12,17.400,2.622,0,0,17.253,2.475,15.819,1.217
1951,1,13.500,0.177,0,0,13.346,0.022,13.417,0.270
1951,2,15.304,0.328,0,0,15.132,0.157,15.154,0.355
1951,3,18.500,0.780,0,4,18.802,1.082,18.526,0.982
1951,4,20.600,-0.849,0,0,20.904,-0.545,20.996,-0.277
1951,5,25.500,0.300,0,0,25.803,0.603,25.917,0.893
1951,6,26.400,-1.503,0,0,26.755,-1.148,27.030,-0.696
1951,7,27.600,-0.999,0,0,27.973,-0.626,27.973,-0.450
1951,8,28.100,-0.269,0,0,28.384,0.015,28.606,0.414
1951,9,27.000,0.629,0,0,27.201,0.831,26.928,0.734
1951,10,25.177,1.559,0,0,25.413,1.795,24.414,0.972
1951,11,18.500,-0.759,0,0,18.797,-0.462,18.644,-0.438
1951,12,17.500,2.722,0,0,17.768,2.989,13.167,-1.436
1952,1,13.300,-0.023,0,0,13.514,0.191,13.550,0.402
1952,2,14.800,-0.175,0,0,15.043,0.068,15.352,0.553
1952,3,13.700,-4.020,0,0,14.002,-3.718,17.064,-0.480
1952,4,21.955,0.506,0,0,22.259,0.810,21.464,0.191
1952,5,24.950,-0.250,0,0,25.253,0.053,24.833,-0.190
1952,6,26.792,-1.111,0,0,27.147,-0.756,26.810,-0.917
1952,7,27.966,-0.633,0,0,28.339,-0.260,27.869,-0.554
1952,8,29.332,0.963,0,0,29.616,1.247,29.393,1.200
1952,9,28.627,2.256,0,0,28.828,2.458,27.869,1.674
1952,10,24.500,0.882,0,0,24.735,1.117,24.457,1.015
1952,11,19.933,0.675,0,0,20.230,0.971,19.271,0.189
1952,12,15.900,1.122,0,0,16.168,1.389,16.009,1.407
1953,1,12.300,-1.023,0,0,12.514,-0.809,12.652,-0.495
1953,2,14.600,-0.375,0,0,14.843,-0.132,15.403,0.604
1953,3,14.200,-3.520,0,0,14.502,-3.218,15.019,-2.525
1953,4,20.600,-0.849,0,0,20.904,-0.545,20.936,-0.337
1953,5,25.300,0.100,0,0,25.603,0.403,25.423,0.399
1953,6,27.100,-0.803,0,0,27.455,-0.448,27.765,0.038
1953,7,29.000,0.401,0,0,29.373,0.774,29.101,0.678
1953,8,27.600,-0.769,0,0,27.884,-0.485,28.406,0.213
1953,9,25.200,-1.171,0,0,25.401,-0.969,25.109,-1.085
1953,10,23.200,-0.418,0,0,23.435,-0.183,23.317,-0.125
1953,11,16.800,-2.459,0,0,17.097,-2.162,17.111,-1.972
1953,12,13.200,-1.578,0,0,13.468,-1.311,13.302,-1.300
1954,1,11.700,-1.623,0,0,11.914,-1.409,12.308,-0.840
1954,2,14.946,-0.029,0,0,15.190,0.214,15.024,0.225
1954,3,18.645,0.925,0,0,18.947,1.227,18.090,0.545
1954,4,19.200,-2.249,0,0,19.504,-1.945,20.223,-1.049
1954,5,26.145,0.945,0,0,26.448,1.248,25.834,0.810
1954,6,27.083,-0.820,0,0,27.439,-0.464,27.547,-0.180
1954,7,28.100,-0.499,0,0,28.473,-0.126,28.660,0.237
1954,8,28.200,-0.169,0,0,28.484,0.115,29.014,0.821
1954,9,25.483,-0.887,0,0,25.685,-0.686,25.365,-0.829
1954,10,23.774,0.156,0,0,24.009,0.391,23.439,-0.003
1954,11,19.483,0.225,0,0,19.780,0.521,19.211,0.128
1954,12,13.600,-1.178,0,0,13.868,-0.911,13.874,-0.728
1955,1,14.900,1.577,0,0,15.114,1.791,14.522,1.374
1955,2,18.214,3.239,0,0,18.457,3.482,17.532,2.733
1955,3,18.694,0.973,0,0,18.995,1.275,18.303,0.759
1955,4,22.000,0.551,0,0,22.304,0.855,21.871,0.598
1955,5,24.100,-1.100,0,0,24.403,-0.797,24.712,-0.312
1955,6,27.600,-0.303,0,0,27.955,0.052,28.149,0.422
1955,7,28.200,-0.399,0,0,28.573,-0.026,28.532,0.109
1955,8,27.100,-1.269,0,0,27.384,-0.985,27.702,-0.491
1955,9,26.400,0.029,0,0,26.601,0.231,26.273,0.078
1955,10,24.600,0.982,0,0,24.835,1.217,24.179,0.737
1955,11,19.100,-0.159,0,0,19.397,0.138,19.221,0.138
1955,12,14.500,-0.278,0,0,14.768,-0.011,14.611,0.009
1956,1,13.700,0.377,0,0,13.914,0.591,13.825,0.678
1956,2,15.700,0.725,0,0,15.943,0.968,16.294,1.495
1956,3,15.400,-2.320,0,0,15.702,-2.018,16.021,-1.523
1956,4,20.400,-1.049,0,0,20.704,-0.745,20.812,-0.461
1956,5,23.323,-1.877,0,0,23.625,-1.574,23.493,-1.531
1956,6,27.200,-0.703,0,0,27.555,-0.348,27.481,-0.246
1956,7,28.300,-0.299,0,0,28.673,0.074,28.546,0.123
1956,8,29.100,0.731,0,0,29.384,1.015,29.388,1.195
1956,9,28.000,1.629,0,0,28.201,1.831,26.096,-0.098
1956,10,22.200,-1.418,0,0,22.435,-1.183,22.285,-1.157
1956,11,19.400,0.141,0,0,19.697,0.438,19.167,0.085
1956,12,13.700,-1.078,0,0,13.968,-0.811,13.847,-0.755
1957,1,12.139,-1.185,0,0,12.353,-0.970,12.021,-1.126
1957,2,13.700,-1.275,0,0,13.943,-1.032,14.407,-0.393
1957,3,16.800,-0.920,0,0,17.102,-0.618,17.234,-0.310
1957,4,20.400,-1.049,0,0,20.704,-0.745,20.862,-0.411
1957,5,24.200,-1.000,0,0,24.503,-0.697,24.621,-0.403
1957,6,26.400,-1.503,0,0,26.755,-1.148,27.171,-0.556
1957,7,27.600,-0.999,0,0,27.973,-0.626,28.004,-0.419
1957,8,27.600,-0.769,0,0,27.884,-0.485,28.298,0.105
1957,9,26.200,-0.171,0,0,26.401,0.031,26.228,0.034
1957,10,24.800,1.182,0,0,25.035,1.417,24.472,1.030
1957,11,20.650,1.391,0,0,20.947,1.688,20.068,0.985
1957,12,14.800,0.022,0,0,15.068,0.289,14.440,-0.162
1958,1,12.700,-0.623,0,0,12.914,-0.409,13.316,0.168
1958,2,14.800,-0.175,0,0,15.043,0.068,15.307,0.508
1958,3,18.600,0.880,0,0,18.902,1.182,18.833,1.289
1958,4,22.000,0.551,0,0,22.304,0.855,22.461,1.188
1958,5,23.600,-1.600,0,0,23.903,-1.297,24.341,-0.683
1958,6,26.900,-1.003,0,0,27.255,-0.648,27.470,-0.257
1958,7,27.600,-0.999,0,0,27.973,-0.626,28.013,-0.410
1958,8,27.500,-0.869,0,0,27.784,-0.585,28.407,0.215
1958,9,25.000,-1.371,0,0,25.201,-1.169,25.287,-0.907
1958,10,22.500,-1.118,0,0,22.735,-0.883,22.728,-0.713
1958,11,19.600,0.341,0,0,19.897,0.638,19.500,0.417
1958,12,16.300,1.522,0,0,16.568,1.789,16.063,1.460
1959,1,12.800,-0.523,0,0,13.014,-0.309,13.398,0.251
1959,2,10.900,-4.075,0,0,11.143,-3.832,11.968,-2.831
1959,3,15.700,-2.020,0,0,16.002,-1.718,16.296,-1.248
1959,4,20.500,-0.949,0,0,20.804,-0.645,21.210,-0.063
1959,5,24.700,-0.500,0,0,25.003,-0.197,25.379,0.355
1959,6,26.600,-1.303,0,0,26.955,-0.948,27.313,-0.414
1959,7,27.000,-1.599,0,0,27.373,-1.226,27.583,-0.840
1959,8,27.200,-1.169,0,0,27.484,-0.885,27.856,-0.337
1959,9,24.500,-1.871,0,0,24.701,-1.669,24.689,-1.505
1959,10,21.200,-2.418,0,0,21.435,-2.183,21.564,-1.878
1959,11,18.900,-0.359,0,0,19.197,-0.062,18.988,-0.094
1959,12,15.100,0.322,0,0,15.368,0.589,14.919,0.317
1960,1,13.200,-0.123,0,0,13.414,0.091,13.635,0.488
1960,2,14.800,-0.175,0,0,15.043,0.068,15.525,0.725
1960,3,17.300,-0.420,0,0,17.602,-0.118,18.040,0.496
1960,4,21.900,0.451,0,0,22.204,0.755,22.246,0.973
1960,5,25.600,0.400,0,0,25.903,0.703,26.085,1.061
1960,6,25.600,-2.303,0,0,25.955,-1.948,26.711,-1.015
1960,7,27.200,-1.399,0,0,27.573,-1.026,27.797,-0.626
1960,8,27.400,-0.969,0,0,27.684,-0.685,28.120,-0.072
1960,9,25.600,-0.771,0,0,25.801,-0.569,25.759,-0.436
1960,10,25.800,2.182,0,0,26.035,2.417,25.308,1.867
1960,11,19.800,0.541,0,0,20.097,0.838,20.224,1.142
1960,12,18.100,3.322,0,0,18.368,3.589,17.741,3.138
1961,6,28.900,0.997,0,0,29.255,1.352,29.295,1.568
1961,7,27.000,-1.599,0,0,27.373,-1.226,27.854,-0.569
1961,9,24.000,-2.371,0,0,24.201,-2.169,24.374,-1.820
1961,10,22.000,-1.618,0,0,22.235,-1.383,22.159,-1.283
1961,11,18.700,-0.559,0,0,18.997,-0.262,18.449,-0.633
1961,12,14.300,-0.478,0,0,14.568,-0.211,14.334,-0.268
1962,1,14.600,1.277,0,0,14.814,1.491,14.157,1.009
1962,2,13.700,-1.275,0,0,13.943,-1.032,14.211,-0.588
1962,3,20.300,2.580,0,0,20.602,2.882,19.500,1.956
1962,4,20.300,-1.149,0,0,20.604,-0.845,20.543,-0.729
1962,5,24.400,-0.800,0,0,24.703,-0.497,24.603,-0.420
1962,6,28.000,0.097,0,0,28.355,0.452,28.141,0.414
1962,7,28.400,-0.199,0,0,28.773,0.174,28.546,0.123
1962,8,29.000,0.631,0,0,29.284,0.915,29.165,0.972
1962,9,26.800,0.429,0,0,27.001,0.631,26.314,0.120
1962,10,24.900,1.282,0,0,25.135,1.517,24.561,1.119
1962,11,22.800,3.541,0,0,23.097,3.838,21.480,2.398
1962,12,15.000,0.222,0,0,15.268,0.489,14.656,0.054
1963,1,15.100,1.777,0,0,15.314,1.991,14.375,1.227
1963,2,15.800,0.825,0,0,16.043,1.068,16.062,1.263
1963,3,16.600,-1.120,0,0,16.902,-0.818,16.708,-0.836
1963,4,21.700,0.251,0,0,22.004,0.555,21.890,0.617
1963,5,24.600,-0.600,0,0,24.903,-0.297,25.023,-0.000
1963,6,27.500,-0.403,0,0,27.855,-0.048,27.786,0.059
1963,7,28.200,-0.399,0,0,28.573,-0.026,28.722,0.299
1963,8,28.900,0.531,0,0,29.184,0.815,29.001,0.809
1963,9,26.900,0.529,0,0,27.101,0.731,26.689,0.494
1963,10,25.300,1.682,0,0,25.535,1.917,24.880,1.438
1963,11,19.600,0.341,0,0,19.897,0.638,19.586,0.503
1963,12,15.600,0.822,0,0,15.868,1.089,14.927,0.325
1964,1,12.100,-1.223,0,0,12.314,-1.009,11.990,-1.157
1964,2,13.600,-1.375,0,0,13.843,-1.132,14.191,-0.608
1964,3,18.200,0.480,0,0,18.502,0.782,18.105,0.561
1964,4,20.000,-1.449,0,0,20.304,-1.145,20.416,-0.857
1964,5,23.600,-1.600,0,0,23.903,-1.297,23.803,-1.221
1964,6,27.100,-0.803,0,0,27.455,-0.448,27.624,-0.103
1964,7,27.000,-1.599,0,0,27.373,-1.226,27.525,-0.898
1964,8,27.600,-0.769,0,0,27.884,-0.485,28.061,-0.132
1964,9,24.800,-1.571,0,0,25.001,-1.369,24.852,-1.343
1964,10,24.500,0.882,0,0,24.735,1.117,23.271,-0.171
1964,11,19.000,-0.259,0,0,19.297,0.038,18.938,-0.144
1964,12,15.300,0.522,0,0,15.568,0.789,14.651,0.049
1965,1,13.200,-0.123,0,0,13.414,0.091,13.267,0.120
1965,2,15.100,0.125,0,0,15.343,0.368,15.291,0.492
1965,3,18.800,1.080,0,0,19.102,1.382,18.360,0.815
1965,4,21.200,-0.249,0,0,21.504,0.055,21.240,-0.033
1965,5,24.100,-1.100,0,0,24.403,-0.797,24.085,-0.939
1965,6,29.200,1.297,0,0,29.555,1.652,28.808,1.081
1965,7,28.000,-0.599,0,0,28.373,-0.226,28.140,-0.283
1965,8,27.800,-0.569,0,0,28.084,-0.285,28.037,-0.156
1965,9,26.900,0.529,0,0,27.101,0.731,26.056,-0.138
1965,10,22.800,-0.818,0,0,23.035,-0.583,22.742,-0.700
1965,11,18.400,-0.859,0,0,18.697,-0.562,18.263,-0.820
1965,12,15.000,0.222,0,0,15.268,0.489,14.494,-0.108
1966,1,13.800,0.477,0,0,14.014,0.691,13.601,0.453
1966,2,15.200,0.225,0,0,15.443,0.468,15.452,0.653
1966,3,17.600,-0.120,0,0,17.902,0.182,17.296,-0.248
1966,4,22.900,1.451,0,0,23.204,1.755,22.338,1.065
1966,5,24.800,-0.400,0,0,25.103,-0.097,25.059,0.035
1966,6,28.000,0.097,0,0,28.355,0.452,28.173,0.446
1966,7,27.800,-0.799,0,0,28.173,-0.426,28.092,-0.331
1966,8,28.000,-0.369,0,0,28.284,-0.085,28.450,0.258
1966,9,26.500,0.129,0,0,26.701,0.331,26.048,-0.147
1966,10,25.100,1.482,0,0,25.335,1.717,24.496,1.055
1966,11,22.700,3.441,0,0,22.997,3.738,21.836,2.753
1966,12,15.100,0.322,0,0,15.368,0.589,14.694,0.091
1967,1,12.100,-1.223,0,0,12.314,-1.009,12.143,-1.004
1967,2,13.800,-1.175,0,0,14.043,-0.932,13.989,-0.810
1967,3,14.600,-3.120,0,0,14.902,-2.818,15.091,-2.453
1967,4,20.900,-0.549,0,0,21.204,-0.245,20.897,-0.376
1967,5,23.600,-1.600,0,0,23.903,-1.297,24.106,-0.918
1967,6,27.400,-0.503,0,0,27.755,-0.148,27.600,-0.127
1967,7,27.500,-1.099,0,0,27.873,-0.726,27.664,-0.758
1967,8,28.600,0.231,0,0,28.884,0.515,28.455,0.262
1967,9,25.900,-0.471,0,0,26.101,-0.269,25.566,-0.628
1967,10,23.100,-0.518,0,0,23.335,-0.283,22.924,-0.518
1967,11,18.500,-0.759,0,0,18.797,-0.462,18.312,-0.770
1967,12,15.200,0.422,0,0,15.468,0.689,14.537,-0.065
1968,1,12.000,-1.323,0,0,12.214,-1.109,12.421,-0.727
1968,2,14.500,-0.475,0,0,14.743,-0.232,14.599,-0.200
1968,3,15.900,-1.820,0,0,16.202,-1.518,16.291,-1.253
1968,4,21.800,0.351,0,0,22.104,0.655,21.517,0.244
1968,5,26.100,0.900,0,0,26.403,1.203,26.025,1.001
1968,6,28.800,0.897,0,0,29.155,1.252,29.119,1.392
1968,7,28.600,0.001,0,0,28.973,0.374,28.985,0.563
1968,8,27.800,-0.569,0,0,28.084,-0.285,28.177,-0.016
1968,9,25.600,-0.771,0,0,25.801,-0.569,25.566,-0.628
1968,10,22.100,-1.518,0,0,22.335,-1.283,22.323,-1.119
1968,11,18.500,-0.759,0,0,18.797,-0.462,18.552,-0.531
1968,12,14.800,0.022,0,0,15.068,0.289,14.538,-0.064
1969,1,11.900,-1.423,0,0,12.114,-1.209,12.375,-0.772
1969,2,16.800,1.825,0,0,17.043,2.068,16.820,2.021
1969,3,19.600,1.880,0,0,19.902,2.182,19.818,2.273
1969,4,19.500,-1.949,0,0,19.804,-1.645,19.827,-1.446
1969,5,24.400,-0.800,0,0,24.703,-0.497,24.911,-0.112
1969,6,28.600,0.697,0,0,28.955,1.052,28.842,1.115
1969,7,26.700,-1.899,0,0,27.073,-1.526,27.180,-1.242
1969,8,27.700,-0.669,0,0,27.984,-0.385,27.918,-0.275
1969,9,27.700,1.329,0,0,27.901,1.531,27.238,1.043
1969,10,24.300,0.682,0,0,24.535,0.917,24.100,0.658
1969,11,19.700,0.441,0,0,19.997,0.738,19.534,0.451
1969,12,15.100,0.322,0,0,15.368,0.589,14.650,0.048
1970,1,15.100,1.777,0,0,15.314,1.991,14.721,1.574
1970,2,15.800,0.825,0,0,16.043,1.068,15.857,1.058
1970,3,18.700,0.980,0,0,19.002,1.282,18.532,0.987
1970,4,22.000,0.551,0,0,22.304,0.855,21.966,0.693
1970,5,24.800,-0.400,0,0,25.103,-0.097,25.047,0.023
1970,6,26.100,-1.803,0,0,26.455,-1.448,26.752,-0.975
1970,7,27.800,-0.799,0,0,28.173,-0.426,28.094,-0.329
1970,8,27.900,-0.469,0,0,28.184,-0.185,28.180,-0.012
1970,9,26.500,0.129,0,0,26.701,0.331,25.973,-0.222
1970,10,22.300,-1.318,0,0,22.535,-1.083,22.142,-1.300
1970,11,18.600,-0.659,0,0,18.897,-0.362,18.749,-0.333
1970,12,13.700,-1.078,0,0,13.968,-0.811,13.122,-1.480
1971,1,15.900,2.577,0,0,16.114,2.791,15.539,2.392
1971,2,14.500,-0.475,0,0,14.743,-0.232,15.167,0.368
1971,3,18.300,0.580,0,0,18.602,0.882,18.402,0.858
1971,4,19.600,-1.849,0,0,19.904,-1.545,19.789,-1.484
1971,5,25.500,0.300,0,0,25.803,0.603,25.758,0.734
1971,6,26.800,-1.103,0,0,27.155,-0.748,27.332,-0.394
1971,7,27.200,-1.399,0,0,27.573,-1.026,27.380,-1.043
1971,8,28.200,-0.169,0,0,28.484,0.115,28.490,0.297
1971,9,26.400,0.029,0,0,26.601,0.231,25.994,-0.200
1971,10,22.700,-0.918,0,0,22.935,-0.683,22.381,-1.061
1971,11,18.300,-0.959,0,0,18.597,-0.662,18.088,-0.994
1971,12,13.800,-0.978,0,0,14.068,-0.711,13.861,-0.741
1972,1,13.600,0.277,0,0,13.814,0.491,13.080,-0.067
1972,2,14.400,-0.575,0,0,14.643,-0.332,14.627,-0.172
1972,3,17.000,-0.720,0,0,17.302,-0.418,17.298,-0.246
1972,4,23.100,1.651,0,0,23.404,1.955,22.812,1.539
1972,5,24.000,-1.200,0,0,24.303,-0.897,24.486,-0.538
1972,6,26.900,-1.003,0,0,27.255,-0.648,27.238,-0.489
1972,7,27.400,-1.199,0,0,27.773,-0.826,27.652,-0.771
1972,8,28.600,0.231,0,0,28.884,0.515,28.681,0.488
1972,9,27.700,1.329,0,0,27.901,1.531,27.143,0.948
1972,10,24.200,0.582,0,0,24.435,0.817,24.102,0.660
1972,11,18.200,-1.059,0,0,18.497,-0.762,18.435,-0.648
1972,12,14.300,-0.478,0,0,14.568,-0.211,13.773,-0.829
1973,1,13.300,-0.023,0,0,13.514,0.191,12.881,-0.267
1973,2,16.200,1.225,0,0,16.443,1.468,16.508,1.709
1973,3,17.000,-0.720,0,0,17.302,-0.418,16.939,-0.605
1973,4,20.600,-0.849,0,0,20.904,-0.545,20.816,-0.457
1973,5,24.300,-0.900,0,0,24.603,-0.597,24.555,-0.468
1973,6,26.800,-1.103,0,0,27.155,-0.748,27.183,-0.544
1973,7,28.800,0.201,0,0,29.173,0.574,28.816,0.393
1973,8,27.200,-1.169,0,0,27.484,-0.885,27.629,-0.564
1973,9,26.500,0.129,0,0,26.701,0.331,26.029,-0.165
1973,10,24.200,0.582,0,0,24.435,0.817,24.027,0.585
1973,11,17.400,-1.859,0,0,17.697,-1.562,17.334,-1.749
1973,12,15.700,0.922,0,0,15.968,1.189,14.957,0.355
1974,1,11.500,-1.823,0,0,11.714,-1.609,11.943,-1.204
1974,2,14.900,-0.075,0,0,15.143,0.168,15.030,0.230
1974,3,18.400,0.680,0,0,18.702,0.982,18.530,0.986
1974,4,22.200,0.751,0,0,22.504,1.055,22.356,1.084
1974,5,24.200,-1.000,0,0,24.503,-0.697,24.382,-0.642
1974,6,27.100,-0.803,0,0,27.455,-0.448,27.335,-0.392
1974,7,28.200,-0.399,0,0,28.573,-0.026,28.190,-0.233
1974,8,27.600,-0.769,0,0,27.884,-0.485,27.940,-0.253
1974,9,27.000,0.629,0,0,27.201,0.831,26.363,0.168
1974,10,25.400,1.782,0,0,25.635,2.017,24.925,1.483
1974,11,18.700,-0.559,0,0,18.997,-0.262,18.742,-0.341
1974,12,13.000,-1.778,0,0,13.268,-1.511,13.313,-1.289
1975,1,12.300,-1.023,0,0,12.514,-0.809,12.544,-0.603
1975,2,14.600,-0.375,0,0,14.843,-0.132,14.819,0.020
1975,3,18.300,0.580,0,0,18.602,0.882,17.946,0.402
1975,4,22.800,1.351,0,0,23.104,1.655,22.881,1.608
1975,5,24.400,-0.800,0,0,24.703,-0.497,24.502,-0.522
1975,6,27.400,-0.503,0,0,27.755,-0.148,27.532,-0.195
1975,7,27.800,-0.799,0,0,28.173,-0.426,28.057,-0.366
1975,8,26.900,-1.469,0,0,27.184,-1.185,27.383,-0.810
1975,9,25.700,-0.671,0,0,25.901,-0.469,25.442,-0.753
1975,10,23.100,-0.518,0,0,23.335,-0.283,22.959,-0.483
1975,11,18.700,-0.559,0,0,18.997,-0.262,18.721,-0.361
1975,12,14.100,-0.678,0,0,14.368,-0.411,14.079,-0.523
1976,1,12.600,-0.723,0,0,12.814,-0.509,12.675,-0.472
1976,2,12.800,-2.175,0,0,13.043,-1.932,13.396,-1.403
1976,3,17.400,-0.320,0,0,17.702,-0.018,17.404,-0.140
1976,4,21.000,-0.449,0,0,21.304,-0.145,21.411,0.138
1976,5,25.300,0.100,0,0,25.603,0.403,25.528,0.505
1976,6,26.500,-1.403,0,0,26.855,-1.048,26.912,-0.815
1976,7,26.600,-1.999,0,0,26.973,-1.626,27.556,-0.867
1976,8,26.400,-1.969,0,0,26.684,-1.685,26.911,-1.282
1976,9,26.400,0.029,0,0,26.601,0.231,25.742,-0.452
1976,10,24.600,0.982,0,0,24.835,1.217,24.259,0.817
1976,11,20.200,0.941,0,0,20.497,1.238,19.780,0.698
1976,12,15.200,0.422,0,0,15.468,0.689,14.777,0.175
1977,1,13.400,0.077,0,0,13.614,0.291,13.155,0.007
1977,2,16.700,1.725,0,0,16.943,1.968,16.658,1.858
1977,3,16.300,-1.420,0,0,16.602,-1.118,16.623,-0.921
1977,4,21.100,-0.349,0,0,21.404,-0.045,21.045,-0.228
1977,5,25.700,0.500,0,0,26.003,0.803,25.910,0.886
1977,6,27.800,-0.103,0,0,28.155,0.252,28.144,0.417
1977,7,28.200,-0.399,0,0,28.573,-0.026,28.645,0.223
1977,8,28.700,0.331,0,0,28.984,0.615,28.847,0.654
1977,9,26.300,-0.071,0,0,26.501,0.131,26.090,-0.105
1977,10,21.800,-1.818,0,0,22.035,-1.583,21.827,-1.615
1977,11,20.100,0.841,0,0,20.397,1.138,19.435,0.352
1977,12,13.400,-1.378,0,0,13.668,-1.111,13.329,-1.274
1978,1,13.300,-0.023,0,0,13.514,0.191,12.995,-0.152
1978,2,16.800,1.825,0,0,17.043,2.068,16.291,1.492
1978,3,17.800,0.080,0,0,18.102,0.382,17.761,0.217
1978,4,21.900,0.451,0,0,22.204,0.755,21.839,0.566
1978,5,26.900,1.700,0,0,27.203,2.003,26.594,1.571
1978,6,27.200,-0.703,0,0,27.555,-0.348,27.560,-0.167
1978,7,28.600,0.001,0,0,28.973,0.374,28.776,0.353
1978,8,26.000,-2.369,0,0,26.284,-2.085,26.842,-1.351
1978,9,26.100,-0.271,0,0,26.301,-0.069,25.562,-0.632
1978,10,25.100,1.482,0,0,25.335,1.717,24.577,1.135
1978,11,16.900,-2.359,0,0,17.197,-2.062,17.002,-2.081
1978,12,15.300,0.522,0,0,15.568,0.789,14.729,0.127
1979,1,13.700,0.377,0,0,13.914,0.591,13.540,0.393
1979,2,16.200,1.225,0,0,16.443,1.468,16.586,1.787
1979,3,18.900,1.180,0,0,19.202,1.482,18.929,1.385
1979,4,22.600,1.151,0,0,22.904,1.455,22.738,1.465
1979,5,24.500,-0.700,0,0,24.803,-0.397,24.971,-0.052
1979,6,28.400,0.497,0,0,28.755,0.852,28.632,0.905
1979,7,27.500,-1.099,0,0,27.873,-0.726,27.983,-0.440
1979,8,27.700,-0.669,0,0,27.984,-0.385,28.202,0.009
1979,9,25.600,-0.771,0,0,25.801,-0.569,25.523,-0.671
1979,10,24.500,0.882,0,0,24.735,1.117,24.203,0.761
1979,11,19.900,0.641,0,0,20.197,0.938,20.041,0.959
1979,12,13.000,-1.778,0,0,13.268,-1.511,13.353,-1.249
1980,1,12.400,-0.923,0,0,12.614,-0.709,12.661,-0.486
1980,2,13.500,-1.475,0,0,13.743,-1.232,14.115,-0.684
1980,3,17.800,0.080,0,0,18.102,0.382,17.778,0.233
1980,4,21.500,0.051,0,0,21.804,0.355,21.508,0.235
1980,5,25.500,0.300,0,0,25.803,0.603,25.400,0.377
1980,6,27.100,-0.803,0,0,27.455,-0.448,27.471,-0.256
1980,7,28.200,-0.399,0,0,28.573,-0.026,28.411,-0.012
1980,8,27.900,-0.469,0,0,28.184,-0.185,28.302,0.109
1980,9,24.900,-1.471,0,0,25.101,-1.269,24.984,-1.210
1980,10,23.600,-0.018,0,0,23.835,0.217,23.465,0.023
1980,11,20.100,0.841,0,0,20.397,1.138,19.926,0.844
1980,12,14.300,-0.478,0,0,14.568,-0.211,14.243,-0.359
1981,1,11.200,-2.123,0,0,11.414,-1.909,11.686,-1.461
1981,2,13.700,-1.275,0,0,13.943,-1.032,14.270,-0.529
1981,3,18.100,0.380,0,0,18.402,0.682,18.130,0.585
1981,4,22.600,1.151,0,0,22.904,1.455,22.443,1.170
1981,5,23.700,-1.500,0,0,24.003,-1.197,24.305,-0.719
1981,6,27.800,-0.103,0,0,28.155,0.252,27.950,0.223
1981,7,27.600,-0.999,0,0,27.973,-0.626,28.112,-0.311
1981,8,27.500,-0.869,0,0,27.784,-0.585,28.060,-0.133
1981,9,25.400,-0.971,0,0,25.601,-0.769,25.446,-0.748
1981,10,24.600,0.982,0,0,24.835,1.217,24.420,0.978
1981,11,17.100,-2.159,0,0,17.397,-1.862,17.390,-1.692
1981,12,15.300,0.522,0,0,15.568,0.789,14.921,0.318
1982,1,14.000,0.677,0,0,14.214,0.891,14.071,0.924
1982,2,12.700,-2.275,0,0,12.943,-2.032,13.553,-1.246
1982,3,15.500,-2.220,0,0,15.802,-1.918,15.826,-1.718
1982,4,22.200,0.751,0,0,22.504,1.055,22.230,0.957
1982,5,23.000,-2.200,0,0,23.303,-1.897,23.646,-1.378
1982,6,27.200,-0.703,0,0,27.555,-0.348,27.383,-0.344
1982,7,27.000,-1.599,0,0,27.373,-1.226,27.437,-0.986
1982,8,27.700,-0.669,0,0,27.984,-0.385,28.005,-0.187
1982,9,26.400,0.029,0,0,26.601,0.231,26.038,-0.157
1982,10,24.500,0.882,0,0,24.735,1.117,24.252,0.810
1982,11,16.900,-2.359,0,0,17.197,-2.062,16.901,-2.181
1982,12,13.500,-1.278,0,0,13.768,-1.011,13.245,-1.357
1983,1,10.800,-2.523,0,0,11.014,-2.309,11.027,-2.120
1983,2,12.700,-2.275,0,0,12.943,-2.032,13.183,-1.617
1983,3,15.100,-2.620,0,0,15.402,-2.318,15.452,-2.092
1983,4,19.500,-1.949,0,0,19.804,-1.645,19.857,-1.415
1983,5,24.600,-0.600,0,0,24.903,-0.297,25.102,0.078
1983,6,27.300,-0.603,0,0,27.655,-0.248,27.641,-0.086
1983,7,27.900,-0.699,0,0,28.273,-0.326,28.231,-0.192
1983,8,27.000,-1.369,0,0,27.284,-1.085,27.756,-0.437
1983,9,25.600,-0.771,0,0,25.801,-0.569,25.521,-0.673
1983,10,21.600,-2.018,0,0,21.835,-1.783,21.720,-1.722
1983,11,19.600,0.341,0,0,19.897,0.638,19.546,0.463
1983,12,14.500,-0.278,0,0,14.768,-0.011,14.088,-0.514
1984,1,12.700,-0.623,0,0,12.914,-0.409,12.921,-0.226
1984,2,14.900,-0.075,0,0,15.143,0.168,15.238,0.439
1984,3,17.300,-0.420,0,0,17.602,-0.118,17.697,0.152
1984,4,20.200,-1.249,0,0,20.504,-0.945,20.834,-0.439
1984,5,26.300,1.100,0,0,26.603,1.403,26.183,1.159
1984,6,25.800,-2.103,0,0,26.155,-1.748,26.525,-1.202
1984,7,27.000,-1.599,0,0,27.373,-1.226,27.429,-0.994
1984,9,26.400,0.029,0,0,26.601,0.231,26.017,-0.177
1984,10,23.900,0.282,0,0,24.135,0.517,23.712,0.270
1984,11,18.100,-1.159,0,0,18.397,-0.862,18.371,-0.711
1984,12,14.200,-0.578,0,0,14.468,-0.311,13.836,-0.767
1985,1,15.200,1.877,0,0,15.414,2.091,15.040,1.892
1985,2,13.400,-1.575,0,0,13.643,-1.332,14.214,-0.585
1985,3,17.500,-0.220,0,0,17.802,0.082,17.485,-0.059
1985,4,21.500,0.051,0,0,21.804,0.355,21.716,0.443
1985,5,26.000,0.800,0,0,26.303,1.103,26.064,1.041
1985,6,27.700,-0.203,0,0,28.055,0.152,28.107,0.380
1985,7,27.400,-1.199,0,0,27.773,-0.826,27.667,-0.756
1985,8,28.100,-0.269,0,0,28.384,0.015,28.562,0.370
1985,9,25.500,-0.871,0,0,25.701,-0.669,25.508,-0.687
1985,10,21.300,-2.318,0,0,21.535,-2.083,21.598,-1.844
1985,11,19.900,0.641,0,0,20.197,0.938,19.854,0.771
1985,12,15.000,0.222,0,0,15.268,0.489,14.945,0.343
1986,1,13.600,0.277,0,0,13.814,0.491,13.712,0.565
1986,2,15.900,0.925,0,0,16.143,1.168,16.134,1.335
1986,3,17.900,0.180,0,0,18.202,0.482,18.207,0.663
1986,4,22.100,0.651,0,0,22.404,0.955,22.302,1.029
1986,5,22.100,-3.100,0,0,22.403,-2.797,22.866,-2.157
1986,6,27.800,-0.103,0,0,28.155,0.252,28.264,0.537
1986,7,27.900,-0.699,0,0,28.273,-0.326,28.213,-0.210
1986,8,28.300,-0.069,0,0,28.584,0.215,28.540,0.347
1986,9,27.500,1.129,0,0,27.701,1.331,27.241,1.047
1986,10,22.700,-0.918,0,0,22.935,-0.683,22.782,-0.660
1986,11,17.000,-2.259,0,0,17.297,-1.962,17.271,-1.811
1986,12,12.900,-1.878,0,0,13.168,-1.611,13.034,-1.568
1987,1,13.900,0.577,0,0,14.114,0.791,13.611,0.464
1987,2,15.900,0.925,0,0,16.143,1.168,16.037,1.237
1987,3,14.900,-2.820,0,0,15.202,-2.518,15.557,-1.987
1987,4,19.100,-2.349,0,0,19.404,-2.045,19.536,-1.737
1987,5,25.100,-0.100,0,0,25.403,0.203,24.990,-0.033
1987,6,26.600,-1.303,0,0,26.955,-0.948,27.088,-0.639
1987,7,28.700,0.101,0,0,29.073,0.474,28.816,0.393
1987,8,28.000,-0.369,0,0,28.284,-0.085,28.617,0.424
1987,9,26.200,-0.171,0,0,26.401,0.031,26.072,-0.122
1987,10,21.900,-1.718,0,0,22.135,-1.483,22.085,-1.357
1987,11,18.400,-0.859,0,0,18.697,-0.562,18.068,-1.014
1987,12,14.400,-0.378,0,0,14.668,-0.111,14.666,0.064
1988,1,13.200,-0.123,0,0,13.414,0.091,13.270,0.122
1988,2,14.000,-0.975,0,0,14.243,-0.732,14.608,-0.192
1988,3,16.600,-1.120,0,0,16.902,-0.818,17.130,-0.414
1988,4,21.700,0.251,0,0,22.004,0.555,21.884,0.611
1988,5,26.900,1.700,0,0,27.203,2.003,26.842,1.819
1988,6,28.700,0.797,0,0,29.055,1.152,28.961,1.234
1988,7,29.400,0.801,0,0,29.773,1.174,29.511,1.088
1988,8,28.600,0.231,0,0,28.884,0.515,28.992,0.799
1988,9,26.900,0.529,0,0,27.101,0.731,26.639,0.444
1988,10,21.900,-1.718,0,0,22.135,-1.483,21.943,-1.499
1988,11,16.400,-2.859,0,0,16.697,-2.562,16.519,-2.563
1988,12,13.900,-0.878,0,0,14.168,-0.611,13.718,-0.884
1989,1,11.100,-2.223,0,0,11.314,-2.009,11.181,-1.966
1989,2,13.100,-1.875,0,0,13.343,-1.632,13.375,-1.424
1989,3,16.900,-0.820,0,0,17.202,-0.518,16.972,-0.573
1989,4,24.200,2.751,0,0,24.504,3.055,23.675,2.402
1989,5,25.500,0.300,0,0,25.803,0.603,25.743,0.719
1989,6,27.100,-0.803,0,0,27.455,-0.448,27.554,-0.173
1989,7,27.800,-0.799,0,0,28.173,-0.426,28.126,-0.297
1989,8,28.200,-0.169,0,0,28.484,0.115,28.559,0.366
1989,9,26.400,0.029,0,0,26.601,0.231,26.198,0.003
1989,10,22.900,-0.718,0,0,23.135,-0.483,22.755,-0.687
1989,11,18.700,-0.559,0,0,18.997,-0.262,18.683,-0.399
1989,12,14.800,0.022,0,0,15.068,0.289,14.417,-0.185
1990,1,12.800,-0.523,0,0,13.014,-0.309,13.022,-0.125
1990,2,13.300,-1.675,0,0,13.543,-1.432,14.208,-0.591
1990,3,16.300,-1.420,0,0,16.602,-1.118,16.682,-0.863
1990,4,22.100,0.651,0,0,22.404,0.955,22.181,0.908
1990,5,23.800,-1.400,0,0,24.103,-1.097,24.401,-0.622
1990,6,26.400,-1.503,0,0,26.755,-1.148,27.151,-0.576
1990,7,28.100,-0.499,0,0,28.473,-0.126,28.488,0.065
1990,8,27.200,-1.169,0,0,27.484,-0.885,27.617,-0.576
1990,9,25.300,-1.071,0,0,25.501,-0.869,25.264,-0.931
1990,10,23.800,0.182,0,0,24.035,0.417,23.564,0.122
1990,11,21.200,1.941,0,0,21.497,2.238,20.655,1.573
1990,12,16.700,1.922,0,0,16.968,2.189,16.131,1.528
1991,3,18.800,1.080,0,0,19.102,1.382,18.874,1.330
1991,4,22.600,1.151,0,0,22.904,1.455,22.670,1.397
1991,6,27.200,-0.703,0,0,27.555,-0.348,27.746,0.019
1991,8,27.900,-0.469,0,0,28.184,-0.185,28.200,0.008
1991,9,26.000,-0.371,0,0,26.201,-0.169,25.522,-0.673
1991,10,24.900,1.282,0,0,25.135,1.517,24.201,0.759
1991,12,12.400,-2.378,0,0,12.668,-2.111,12.450,-2.152
1992,1,12.200,-1.123,0,0,12.414,-0.909,12.229,-0.919
1992,2,11.500,-3.475,0,0,11.743,-3.232,12.386,-2.414
1992,3,16.200,-1.520,0,0,16.502,-1.218,16.352,-1.192
1992,4,20.200,-1.249,0,0,20.504,-0.945,20.351,-0.922
1992,5,23.800,-1.400,0,0,24.103,-1.097,24.413,-0.611
1992,7,27.700,-0.899,0,0,28.073,-0.526,28.198,-0.225
1992,8,28.400,0.031,0,0,28.684,0.315,28.718,0.525
1992,9,25.600,-0.771,0,0,25.801,-0.569,25.500,-0.694
1992,11,19.300,0.041,0,0,19.597,0.338,19.250,0.167
1992,12,13.700,-1.078,0,0,13.968,-0.811,13.204,-1.398
1993,1,12.500,-0.823,0,0,12.714,-0.609,12.398,-0.749
1993,2,12.800,-2.175,0,0,13.043,-1.932,13.433,-1.366
1993,3,15.700,-2.020,0,0,16.002,-1.718,16.268,-1.276
1993,6,27.400,-0.503,0,0,27.755,-0.148,28.135,0.408
1993,7,28.300,-0.299,0,0,28.673,0.074,28.574,0.151
1993,8,28.700,0.331,0,0,28.984,0.615,28.749,0.556
1993,9,27.100,0.729,0,0,27.301,0.931,26.477,0.282
1993,10,26.200,2.582,0,0,26.435,2.817,25.672,2.230
1993,11,20.300,1.041,0,0,20.597,1.338,19.786,0.704
1993,12,17.000,2.222,0,0,17.268,2.489,16.264,1.662
1994,1,15.100,1.777,0,0,15.314,1.991,14.746,1.599
1994,2,15.000,0.025,0,0,15.243,0.268,15.012,0.213
1994,3,16.700,-1.020,0,0,17.002,-0.718,16.930,-0.614
1994,4,22.900,1.451,0,0,23.204,1.755,22.881,1.608
1994,6,26.600,-1.303,0,0,26.955,-0.948,27.205,-0.522
1995,6,29.300,1.397,0,0,29.655,1.752,29.653,1.926
1995,7,28.400,-0.199,0,0,28.773,0.174,28.946,0.524
1995,8,28.000,-0.369,0,0,28.284,-0.085,28.625,0.433
1995,9,27.400,1.029,0,0,27.601,1.231,27.097,0.902
1995,10,23.000,-0.618,0,0,23.235,-0.383,23.055,-0.387
1995,11,17.200,-2.059,0,0,17.497,-1.762,17.339,-1.743
1995,12,14.600,-0.178,0,0,14.868,0.089,13.961,-0.641
1996,1,13.700,0.377,0,0,13.914,0.591,13.648,0.501
1996,2,15.300,0.325,0,0,15.543,0.568,15.741,0.942
1996,3,17.100,-0.620,0,0,17.402,-0.318,17.508,-0.036
1996,4,19.900,-1.549,0,0,20.204,-1.245,20.372,-0.901
1996,5,26.000,0.800,0,0,26.303,1.103,26.242,1.218
1996,6,26.700,-1.203,0,0,27.055,-0.848,27.285,-0.442
1996,7,30.200,1.601,0,0,30.573,1.974,28.285,-0.138
1996,8,28.200,-0.169,0,0,28.484,0.115,28.597,0.404
1996,9,27.700,1.329,0,0,27.901,1.531,27.356,1.161
1996,10,22.800,-0.818,0,0,23.035,-0.583,22.915,-0.527
1996,11,19.900,0.641,0,0,20.197,0.938,19.674,0.592
1996,12,15.200,0.422,0,0,15.468,0.689,15.036,0.433
1997,1,14.900,1.577,0,0,15.114,1.791,14.483,1.336
1997,2,13.100,-1.875,0,0,13.343,-1.632,13.667,-1.132
1997,3,15.400,-2.320,0,0,15.702,-2.018,15.901,-1.643
1997,4,19.300,-2.149,0,0,19.604,-1.845,19.782,-1.491
1997,5,24.500,-0.700,0,0,24.803,-0.397,25.379,0.356
1997,6,27.900,-0.003,0,0,28.255,0.352,28.236,0.509
1997,7,28.700,0.101,0,0,29.073,0.474,29.010,0.587
1997,8,27.600,-0.769,0,0,27.884,-0.485,28.205,0.012
1997,9,25.500,-0.871,0,0,25.701,-0.669,25.562,-0.633
1997,10,23.600,-0.018,0,0,23.835,0.217,23.375,-0.067
1997,11,19.500,0.241,0,0,19.797,0.538,19.489,0.407
1997,12,14.700,-0.078,0,0,14.968,0.189,14.502,-0.101
1998,1,13.400,0.077,0,0,13.614,0.291,13.736,0.589
1998,2,15.000,0.025,0,0,15.243,0.268,15.563,0.764
1998,3,15.900,-1.820,0,0,16.202,-1.518,16.218,-1.326
1998,4,23.100,1.651,0,0,23.404,1.955,22.637,1.364
1998,5,25.700,0.500,0,0,26.003,0.803,25.864,0.840
1998,6,27.100,-0.803,0,0,27.455,-0.448,27.619,-0.108
1998,7,29.200,0.601,0,0,29.573,0.974,29.313,0.890
1998,8,29.700,1.331,0,0,29.984,1.615,30.146,1.954
1998,10,24.600,0.982,0,0,24.835,1.217,24.399,0.957
1998,11,20.400,1.141,0,0,20.697,1.438,19.999,0.916
1999,1,14.200,0.877,0,0,14.414,1.091,13.968,0.821
1999,2,15.000,0.025,0,0,15.243,0.268,15.353,0.553
1999,3,18.000,0.280,0,0,18.302,0.582,18.058,0.513
1999,4,21.000,-0.449,0,0,21.304,-0.145,21.385,0.112
1999,5,25.100,-0.100,0,0,25.403,0.203,25.791,0.768
1999,6,27.100,-0.803,0,0,27.455,-0.448,27.784,0.057
1999,7,28.900,0.301,0,0,29.273,0.674,29.089,0.666
1999,8,29.000,0.631,0,0,29.284,0.915,29.509,1.316
1999,9,27.400,1.029,0,0,27.601,1.231,27.170,0.976
1999,10,24.200,0.582,0,0,24.435,0.817,24.197,0.755
1999,11,20.000,0.741,0,0,20.297,1.038,19.859,0.777
1999,12,15.900,1.122,0,0,16.168,1.389,15.209,0.607
2000,1,12.400,-0.923,0,0,12.614,-0.709,12.747,-0.400
2000,2,13.600,-1.375,0,0,13.843,-1.132,14.137,-0.663
2000,3,11.500,-6.220,1,0,NaN,NaN,16.020,-1.524
2000,4,23.000,1.551,0,0,23.304,1.855,22.508,1.235
2000,5,24.800,-0.400,0,0,25.103,-0.097,24.889,-0.135
2000,6,27.300,-0.603,0,0,27.655,-0.248,27.484,-0.243
2000,7,29.700,1.101,0,0,30.073,1.474,29.347,0.924
2000,8,28.200,-0.169,0,0,28.484,0.115,28.215,0.022
2000,10,22.600,-1.018,0,0,22.835,-0.783,22.498,-0.944
2000,11,19.500,0.241,0,0,19.797,0.538,19.229,0.146
2000,12,15.100,0.322,0,0,15.368,0.589,14.741,0.138
2001,1,14.300,0.977,0,0,14.514,1.191,14.004,0.857
2001,2,14.700,-0.275,0,0,14.943,-0.032,15.098,0.299
2001,3,20.500,2.780,0,0,20.802,3.082,20.228,2.684
2001,4,22.000,0.551,0,0,22.304,0.855,22.210,0.938
2001,5,25.600,0.400,0,0,25.903,0.703,25.897,0.874
2001,6,27.200,-0.703,0,0,27.555,-0.348,27.647,-0.080
2001,7,28.800,0.201,0,0,29.173,0.574,29.168,0.745
2001,8,29.500,1.131,0,0,29.784,1.415,29.851,1.659
2001,9,27.700,1.329,0,0,27.901,1.531,27.154,0.960
2001,10,23.500,-0.118,0,0,23.735,0.117,23.444,0.002
2001,11,18.900,-0.359,0,0,19.197,-0.062,18.911,-0.172
2001,12,14.800,0.022,0,0,15.068,0.289,14.538,-0.065
2002,1,11.900,-1.423,0,0,12.114,-1.209,12.112,-1.035
2002,2,16.100,1.125,0,0,16.343,1.368,16.198,1.398
2002,3,19.100,1.380,0,0,19.402,1.682,19.066,1.522
2002,4,20.900,-0.549,0,0,21.204,-0.245,21.328,0.055
2002,5,24.900,-0.300,0,0,25.203,0.003,25.201,0.178
2002,6,27.200,-0.703,0,0,27.555,-0.348,27.794,0.067
2002,7,30.700,2.101,0,0,31.073,2.474,30.518,2.095
2002,8,29.100,0.731,0,0,29.384,1.015,29.610,1.417
2002,9,28.400,2.029,0,0,28.601,2.231,27.932,1.738
2002,10,24.300,0.682,0,0,24.535,0.917,24.144,0.702
2002,11,20.300,1.041,0,4,20.706,1.447,20.008,0.926
2002,12,15.500,0.722,0,0,15.792,1.014,15.205,0.602
2003,1,15.500,2.177,0,0,15.714,2.391,15.188,2.040
2003,2,13.600,-1.375,0,0,13.808,-1.167,14.253,-0.546
2003,3,15.700,-2.020,0,0,15.937,-1.783,16.021,-1.523
2003,4,21.800,0.351,0,0,22.058,0.609,21.701,0.428
2003,5,27.000,1.800,0,0,27.200,2.000,26.827,1.803
2003,6,28.500,0.597,0,0,28.528,0.625,28.798,1.071
2003,7,28.600,0.001,0,0,28.475,-0.124,28.898,0.475
2003,8,29.000,0.631,0,0,28.936,0.568,29.212,1.019
2003,9,26.700,0.329,0,0,26.893,0.523,26.635,0.440
2003,10,24.500,0.882,0,0,24.903,1.285,24.221,0.779
2003,11,20.100,0.841,0,0,20.506,1.247,19.883,0.800
2003,12,15.000,0.222,0,0,15.292,0.514,14.360,-0.242
2004,1,13.600,0.277,0,0,13.814,0.491,13.568,0.421
2004,2,15.400,0.425,0,0,15.608,0.633,15.350,0.551
2004,3,18.900,1.180,0,0,19.137,1.417,18.479,0.935
2004,4,21.200,-0.249,0,0,21.458,0.009,21.476,0.203
2004,5,25.000,-0.200,0,0,25.200,-0.000,25.582,0.558
2004,6,27.100,-0.803,0,0,27.128,-0.775,27.446,-0.281
2004,7,29.200,0.601,0,0,29.075,0.476,29.181,0.758
2004,8,28.400,0.031,0,0,28.336,-0.032,28.608,0.415
2004,9,26.800,0.429,0,0,26.993,0.623,26.304,0.109
2004,12,15.200,0.422,0,0,15.492,0.714,14.565,-0.037
2005,1,14.400,1.077,0,0,14.614,1.291,14.112,0.965
2005,2,14.700,-0.275,0,0,14.908,-0.067,15.061,0.262
2005,3,18.100,0.380,0,0,18.337,0.617,18.055,0.511
2005,4,21.700,0.251,0,0,21.958,0.509,21.692,0.419
2005,5,24.500,-0.700,0,0,24.700,-0.500,24.895,-0.129
2005,6,26.900,-1.003,0,0,26.928,-0.975,27.618,-0.109
2005,7,28.900,0.301,0,0,28.775,0.176,29.090,0.667
2005,8,28.800,0.431,0,0,28.736,0.368,29.327,1.135
2005,9,27.200,0.829,0,0,27.393,1.023,27.248,1.054
2005,10,23.100,-0.518,0,0,23.503,-0.115,23.137,-0.305
2005,11,18.600,-0.659,0,0,19.006,-0.253,18.345,-0.738
2005,12,16.500,1.722,0,0,16.792,2.014,15.467,0.864
2006,1,13.900,0.577,0,0,14.114,0.791,13.516,0.369
2006,2,15.800,0.825,0,0,16.008,1.033,15.914,1.114
2006,3,18.500,0.780,0,0,18.737,1.017,18.435,0.890
2006,4,22.000,0.551,0,0,22.258,0.809,21.945,0.672
2006,5,24.300,-0.900,0,0,24.500,-0.700,24.871,-0.153
2006,6,27.700,-0.203,0,0,27.728,-0.175,28.257,0.530
2006,7,28.200,-0.399,0,0,28.075,-0.524,28.599,0.176
2006,8,29.400,1.031,0,0,29.336,0.968,29.641,1.449
2006,9,27.600,1.229,0,0,27.793,1.423,27.187,0.992
2006,10,24.000,0.382,0,0,24.403,0.785,23.993,0.551
2006,11,17.900,-1.359,0,0,18.306,-0.953,18.017,-1.065
2006,12,14.600,-0.178,0,0,14.892,0.114,14.055,-0.547
2007,1,13.300,-0.023,0,0,13.514,0.191,13.134,-0.013
2007,2,15.100,0.125,0,0,15.308,0.333,15.577,0.778
2007,3,17.900,0.180,0,0,18.137,0.417,17.991,0.447
2007,4,24.400,2.951,0,0,24.658,3.209,21.480,0.207
2007,5,26.100,0.900,0,0,26.300,1.100,26.395,1.371
2007,6,28.200,0.297,0,0,28.228,0.325,28.735,1.008
2007,7,29.600,1.001,0,0,29.475,0.876,29.666,1.243
2007,8,29.100,0.731,0,0,29.036,0.668,29.407,1.215
2007,9,26.400,0.029,0,0,26.593,0.223,26.417,0.222
2007,10,24.900,1.282,0,0,25.303,1.685,24.631,1.189
2007,11,20.500,1.241,0,4,20.538,1.280,20.002,0.919
2007,12,15.500,0.722,0,0,15.425,0.646,14.860,0.258
2008,2,14.300,-0.675,0,0,14.141,-0.835,14.144,-0.655
2008,3,28.900,11.180,1,0,NaN,NaN,20.377,2.833
2008,4,22.800,1.351,0,0,22.691,1.242,22.475,1.202
2008,5,25.700,0.500,0,0,25.532,0.332,25.489,0.466
2008,6,29.300,1.397,0,0,28.960,1.057,29.275,1.548
2008,7,29.000,0.401,0,0,28.507,-0.092,29.041,0.618
2008,8,30.100,1.731,0,0,29.669,1.300,29.857,1.664
2008,9,28.100,1.729,0,0,27.926,1.555,27.788,1.593
2008,10,24.000,0.382,0,0,24.035,0.417,23.362,-0.080
2008,11,21.100,1.841,0,0,21.138,1.880,20.259,1.177
2008,12,17.400,2.622,0,0,17.325,2.546,16.193,1.591
2009,1,15.500,2.177,0,0,15.347,2.024,14.792,1.645
2009,2,16.500,1.525,0,0,16.341,1.365,16.158,1.359
2009,3,17.600,-0.120,0,0,17.469,-0.251,17.313,-0.231
2009,4,22.500,1.051,0,0,22.391,0.942,22.033,0.761
2009,5,25.000,-0.200,0,0,24.832,-0.368,24.988,-0.035
2009,6,29.600,1.697,0,0,29.260,1.357,29.398,1.671
2009,7,29.900,1.301,0,0,29.407,0.808,29.675,1.252
2009,8,29.100,0.731,0,0,28.669,0.300,28.799,0.606
2009,9,27.900,1.529,0,0,27.726,1.355,26.923,0.729
2009,10,25.900,2.282,0,0,25.935,2.317,25.148,1.706
2009,11,20.100,0.841,0,0,20.138,0.880,19.383,0.301
2009,12,16.800,2.022,0,0,16.725,1.946,16.144,1.542
2010,1,16.500,3.177,0,0,16.347,3.024,15.915,2.768
2010,2,18.300,3.325,0,0,18.141,3.165,18.333,3.534
2010,3,20.400,2.680,0,0,20.269,2.549,20.123,2.579
2010,4,22.900,1.451,0,0,22.791,1.342,22.889,1.617
2010,5,26.200,1.000,0,0,26.032,0.832,26.175,1.151
2010,6,29.200,1.297,0,0,28.860,0.957,29.324,1.597
2010,7,29.300,0.701,0,0,28.807,0.208,29.108,0.685
2010,10,26.900,3.282,0,0,26.935,3.317,26.029,2.587
2010,11,22.200,2.941,0,0,22.238,2.980,21.286,2.204
2010,12,17.800,3.022,0,0,17.725,2.946,16.438,1.836
2011,1,15.200,1.877,0,0,15.047,1.724,14.599,1.451
2011,2,16.300,1.325,0,0,16.141,1.165,16.729,1.930
2011,3,17.300,-0.420,0,0,17.169,-0.551,17.439,-0.106
2011,4,21.300,-0.149,0,0,21.191,-0.258,21.571,0.298
2011,5,25.300,0.100,0,0,25.132,-0.068,25.369,0.345
2011,6,27.500,-0.403,0,0,27.160,-0.743,27.617,-0.110
2011,7,29.700,1.101,0,0,29.207,0.608,29.284,0.861
2011,8,28.200,-0.169,0,0,27.769,-0.600,28.868,0.675
2011,9,27.900,1.529,0,1,27.733,1.362,27.170,0.975
2011,10,24.300,0.682,0,0,24.342,0.724,23.607,0.165
2011,11,17.900,-1.359,0,0,17.945,-1.313,17.555,-1.528
2011,12,15.800,1.022,0,0,15.732,0.953,14.536,-0.066
2012,1,13.600,0.277,0,0,13.454,0.131,12.627,-0.521
2012,3,16.600,-1.120,0,0,16.476,-1.244,16.531,-1.013
2012,4,23.000,1.551,0,0,22.898,1.449,22.771,1.498
2012,5,26.700,1.500,0,0,26.539,1.339,26.438,1.415
2012,6,29.400,1.497,0,0,29.067,1.164,29.178,1.451
2012,7,30.300,1.701,0,0,29.815,1.216,30.134,1.712
2012,8,30.600,2.231,0,0,30.176,1.807,30.085,1.892
2012,9,27.700,1.329,0,0,27.533,1.162,27.041,0.847
2012,10,25.900,2.282,0,0,25.942,2.324,25.152,1.710
2012,11,21.800,2.541,0,0,21.845,2.587,20.948,1.866
2012,12,16.100,1.322,0,0,16.032,1.253,15.450,0.847
2013,1,14.800,1.477,0,0,14.654,1.331,14.285,1.138
2013,2,16.400,1.425,0,0,16.248,1.272,16.387,1.588
2013,3,19.900,2.180,0,0,19.776,2.056,19.799,2.255
2013,4,20.800,-0.649,0,0,20.698,-0.751,21.531,0.258
2013,5,27.400,2.200,0,0,27.239,2.039,27.191,2.167
2013,6,28.700,0.797,0,0,28.367,0.464,28.654,0.927
2013,7,27.900,-0.699,0,0,27.415,-1.184,27.913,-0.510
2013,8,29.300,0.931,0,0,28.876,0.507,29.090,0.897
2013,9,27.400,1.029,0,0,27.233,0.862,26.814,0.619
2013,10,22.900,-0.718,0,0,22.942,-0.676,22.915,-0.527
